latitude,longitude,elevation,slope,aspect,rainfall_1h,rainfall_6h,rainfall_12h,rainfall_24h,rainfall_48h,rainfall_72h,antecedent_rainfall_3d,soil_moisture,temperature,humidity,distance_to_road_m,distance_to_river_m,historical_landslide_density,distance_to_previous_landslide_m,landslide_occurrence
26.10438,91.78716,196.8,23.3,56.2,0.9,2.3,2.8,5.0,8.9,13.6,4.6,0.383,20.0,83.3,74.0,231.6,0.312,1378.2,0
26.04032,91.79822,227.3,13.5,71.9,37.4,76.4,115.3,168.3,203.3,320.1,118.0,0.81,16.2,80.3,31.0,391.4,0.59,1000.4,1
26.03711,91.89314,152.3,24.3,271.9,3.1,27.7,37.8,55.2,79.3,124.2,43.8,0.493,24.5,90.3,73.9,767.3,0.788,524.3,0
26.12807,91.78337,30.0,23.5,59.5,3.2,9.0,28.4,35.8,58.1,85.9,30.2,0.437,19.8,95.5,138.1,460.3,0.375,82.9,0
25.33829,91.55056,1143.7,43.6,170.0,15.8,26.0,50.9,81.2,99.4,146.1,55.4,0.595,15.8,83.6,205.9,181.8,1.0,81.8,1
25.29032,91.68035,1494.9,36.3,250.1,1.2,3.2,7.2,9.8,14.2,26.7,8.7,0.237,20.0,48.7,65.2,466.0,0.91,188.7,0
25.54154,91.88027,1731.5,20.5,249.3,14.7,52.0,97.5,128.2,181.8,288.6,101.5,0.625,16.2,85.1,15.0,691.1,0.547,302.8,0
25.56114,91.88489,1507.2,30.6,87.1,1.6,7.4,10.2,14.3,27.0,46.0,14.8,0.228,18.3,70.1,50.9,351.0,0.656,33.0,0
25.58573,91.9324,1317.9,30.6,248.7,33.2,84.4,109.9,179.4,273.6,400.3,143.3,0.817,16.3,97.7,66.2,235.3,0.88,128.0,1
25.60733,91.90357,1505.2,27.5,319.6,6.8,13.7,21.2,27.4,34.9,63.1,21.6,0.314,20.6,58.5,450.6,439.0,0.395,22.1,0
23.72881,92.69106,1226.7,47.2,110.9,8.9,27.9,72.6,86.2,123.8,192.0,68.0,0.676,19.3,89.0,86.8,321.7,1.0,179.8,1
23.74,92.67252,962.1,47.4,5.6,1.6,3.3,4.8,5.6,11.5,23.0,6.9,0.227,21.5,50.1,75.1,562.7,0.969,668.7,0
23.76308,92.71169,1094.1,45.3,266.7,1.7,4.7,10.2,12.1,28.3,54.3,16.1,0.221,25.0,60.0,150.1,457.5,0.776,1511.3,0
23.8028,92.70795,1201.2,39.8,167.6,13.8,20.1,34.8,61.9,85.6,119.1,44.8,0.559,20.4,84.9,283.8,271.7,0.709,1368.4,1
23.77623,92.68613,981.1,35.9,156.1,0.3,0.9,2.1,2.9,16.7,18.4,5.9,0.185,25.2,52.2,32.9,420.3,0.665,570.5,0
11.57153,76.18434,905.9,35.7,57.1,1.9,9.3,22.9,27.2,35.5,41.1,17.2,0.438,20.7,86.2,85.0,247.4,0.928,28.7,0
10.07755,77.07786,1456.7,61.1,246.2,12.6,96.7,189.1,227.2,351.1,465.1,173.6,0.937,22.4,89.8,239.1,283.2,0.842,47.0,1
26.06521,91.77137,103.6,24.5,226.4,3.3,5.1,8.7,13.3,28.3,52.5,16.0,0.197,25.6,56.2,164.8,182.5,0.459,2864.0,0
26.11435,91.81462,130.9,19.6,324.9,16.8,43.1,87.1,153.8,273.1,418.1,141.7,0.804,21.3,92.2,62.7,451.9,0.59,208.0,0
26.12501,91.86801,211.0,33.0,254.1,3.0,6.5,9.9,11.6,20.2,26.8,9.7,0.286,28.0,49.4,72.6,319.8,0.731,628.4,0
26.09389,91.79605,148.1,22.1,126.1,0.9,3.4,4.4,6.6,13.2,26.2,7.9,0.179,21.0,62.1,168.1,618.6,0.444,1259.4,0
25.32266,91.56278,1124.6,23.8,157.1,7.2,15.1,23.4,38.1,56.6,84.2,30.1,0.273,24.8,47.3,39.5,121.7,0.815,228.8,0
25.2386,91.7834,1500.8,37.4,345.1,3.4,10.0,22.5,32.6,46.0,65.1,24.1,0.386,17.9,94.6,122.3,136.6,0.744,1917.9,0
25.6361,91.93928,1358.9,25.6,349.2,3.0,7.7,12.4,18.2,19.3,45.3,14.6,0.295,21.5,68.1,243.7,834.2,0.604,242.3,0
25.5131,91.92374,1603.3,39.5,128.9,16.3,56.1,72.2,112.4,189.9,301.1,101.7,0.653,23.0,87.6,142.8,473.0,0.666,733.5,1
25.64174,91.8996,1308.8,37.7,162.3,0.6,1.8,3.0,3.5,12.7,38.0,9.6,0.261,22.0,55.4,26.8,320.0,0.761,291.0,0
25.68397,91.83644,1463.0,34.4,64.8,1.4,2.4,4.7,5.3,17.3,24.1,7.6,0.178,24.3,55.4,37.6,529.3,0.378,2817.8,0
23.76295,92.68735,1146.7,35.0,247.6,0.6,5.7,6.4,11.1,17.3,27.6,9.5,0.383,20.2,84.3,132.2,333.7,0.956,724.7,1
23.80034,92.72649,1052.1,42.4,143.0,20.7,63.7,73.2,126.9,193.1,242.3,93.1,0.7,13.2,86.4,93.7,248.0,1.0,445.0,1
23.77445,92.66974,1146.9,45.4,218.7,14.5,27.2,49.2,84.8,109.6,138.1,55.5,0.598,17.2,85.1,37.2,640.6,0.667,65.4,1
23.78947,92.73324,1167.4,39.8,349.0,1.9,6.0,13.6,17.0,35.6,52.3,17.4,0.17,23.7,68.1,31.6,238.7,0.772,190.9,1
23.62207,92.65865,928.9,41.3,173.2,6.1,18.0,31.1,43.5,57.4,83.7,31.2,0.522,24.9,94.3,34.0,675.3,0.602,1171.8,1
11.53351,76.08294,927.3,39.6,17.3,4.2,9.5,14.9,17.6,21.3,28.4,11.3,0.268,23.6,54.5,106.0,262.3,1.0,1254.1,0
10.07496,76.97808,1301.1,51.1,140.9,18.2,43.4,74.4,114.5,187.6,274.2,96.5,0.736,21.9,90.3,497.7,419.4,0.817,802.8,1
26.07468,91.77711,222.3,19.1,271.7,35.1,46.1,107.1,160.0,268.5,326.9,124.2,0.838,19.0,93.0,127.0,297.6,0.319,606.8,1
26.06983,91.83597,38.7,27.0,341.0,6.8,31.8,74.8,97.4,151.5,181.2,70.8,0.527,20.4,81.2,16.4,366.5,0.604,1563.9,0
26.03848,91.86354,150.7,29.1,301.5,22.6,49.6,76.0,134.3,188.1,284.3,102.5,0.778,15.7,96.6,49.0,343.9,0.723,185.4,1
26.16342,91.7714,30.0,19.4,329.3,9.1,30.3,68.0,96.5,172.2,233.7,83.3,0.638,24.7,89.6,76.3,453.4,0.414,433.0,1
25.34424,91.57046,950.1,35.9,225.0,14.4,109.9,156.2,227.7,344.9,465.1,173.1,0.98,13.6,82.8,41.1,381.8,0.888,191.7,1
25.28847,91.71733,1522.8,34.8,237.2,23.3,32.3,73.4,126.3,212.2,261.1,98.7,0.677,13.9,81.8,52.3,302.2,0.907,1153.4,1
25.62962,91.86275,1421.0,24.5,322.7,25.4,33.2,94.1,115.8,183.6,269.4,95.4,0.701,19.1,86.0,151.5,617.7,0.695,340.2,0
25.53755,91.89257,1502.8,34.6,169.6,4.5,17.8,31.9,43.1,58.4,70.8,28.6,0.51,13.8,84.9,21.5,688.5,0.658,99.2,0
25.65429,91.87041,1317.8,43.2,74.3,1.0,4.5,6.0,9.6,15.1,20.7,7.6,0.483,18.3,87.3,125.9,272.2,0.83,131.5,1
25.59786,91.86712,1546.4,31.9,219.7,1.5,1.7,3.8,5.1,10.5,26.6,7.4,0.214,21.7,70.4,283.5,435.2,0.528,933.5,0
23.70062,92.68348,1093.7,51.9,215.4,9.5,20.7,28.5,45.1,70.1,92.1,34.5,0.447,17.8,89.8,183.1,417.6,0.995,645.9,0
23.80783,92.70754,1014.4,34.5,65.0,14.9,94.1,121.9,200.6,254.6,341.1,133.8,0.912,20.3,81.0,58.6,260.9,0.963,583.7,1
23.78658,92.66958,1086.0,45.1,190.9,16.2,59.2,113.1,143.7,199.9,286.2,106.0,0.773,20.6,84.2,24.0,606.1,0.757,1122.5,0
23.78165,92.77781,1199.2,37.1,225.9,10.0,17.6,30.1,41.4,56.2,63.3,26.6,0.219,21.1,53.6,43.1,219.9,0.686,32.8,1
23.71679,92.7202,940.1,45.8,78.6,1.1,6.6,13.3,15.4,34.3,48.4,16.2,0.187,24.0,74.7,46.1,819.0,0.743,511.4,0
11.60804,76.10829,943.4,34.9,126.0,34.7,97.0,159.9,226.0,306.5,423.5,160.6,0.934,19.3,96.2,84.8,236.3,0.88,843.8,1
10.0103,77.02876,1309.1,40.9,16.0,0.0,0.2,0.3,0.4,6.0,13.6,3.4,0.183,19.7,73.9,21.3,547.3,0.823,1539.8,0
26.12307,91.81106,107.8,31.5,187.7,0.3,1.0,2.0,2.8,7.6,35.5,8.4,0.215,26.6,50.7,215.7,607.8,0.4,752.2,0
26.06804,91.82466,179.0,17.1,69.5,4.5,8.4,19.0,25.7,39.1,58.8,20.8,0.478,20.4,89.7,273.7,412.8,0.549,100.0,0
26.05653,91.86437,270.9,32.7,24.2,4.4,34.2,57.3,67.6,108.5,146.6,53.7,0.518,23.9,86.9,20.4,538.5,0.888,282.3,0
26.10105,91.73713,175.3,21.5,297.3,42.6,102.3,144.8,229.1,405.6,494.0,185.2,0.98,21.2,87.6,141.4,476.0,0.472,274.2,1
25.28977,91.5846,1196.0,37.2,170.4,0.5,1.1,1.7,2.1,18.9,41.8,10.7,0.173,19.2,46.0,227.9,228.8,0.926,931.3,0
25.24633,91.79303,1369.5,35.0,23.1,32.2,38.4,89.9,130.4,209.7,278.4,102.7,0.787,19.3,97.1,220.7,303.3,0.8,72.3,1
25.58728,91.89751,1447.2,26.1,279.3,0.1,0.4,0.5,0.8,17.2,28.0,7.5,0.137,23.1,69.6,15.4,716.5,0.522,2921.6,0
25.56837,91.93581,1601.9,42.0,107.6,6.1,15.8,23.1,29.4,39.1,59.0,21.6,0.364,24.2,68.5,72.5,326.2,0.632,1057.3,0
25.59749,91.91956,1155.4,50.0,169.3,3.3,6.4,13.3,20.5,21.0,40.6,14.3,0.291,23.7,59.8,14.8,267.4,0.64,202.0,0
25.61888,91.8603,1506.0,31.5,226.4,2.6,6.8,11.0,14.6,26.4,27.2,11.0,0.291,16.3,62.9,161.0,569.6,0.448,686.7,0
23.69079,92.75623,1282.6,37.7,227.7,10.3,18.6,29.2,46.7,80.5,108.7,39.1,0.44,12.1,90.7,32.3,294.4,0.969,1957.6,1
23.72469,92.75063,1007.7,41.7,349.1,17.6,44.5,87.3,127.5,204.2,248.2,95.6,0.828,15.5,97.1,33.3,216.8,1.0,240.7,1
23.69881,92.76475,1177.6,44.8,200.9,2.6,17.3,35.1,42.3,51.7,62.3,26.1,0.498,19.9,85.7,78.6,306.4,0.694,121.4,0
23.78488,92.75084,1326.9,40.4,185.6,10.2,62.1,138.2,181.4,239.7,348.3,129.9,0.822,22.4,95.6,30.6,357.0,0.748,681.0,1
23.78812,92.69629,1035.8,36.9,243.5,12.8,29.6,45.8,69.9,90.6,128.8,48.8,0.597,20.6,97.9,136.7,404.2,0.618,284.6,1
11.59411,76.1507,960.4,37.8,324.5,1.0,1.6,2.6,3.8,16.8,26.6,7.8,0.246,27.6,61.9,73.3,209.3,0.965,331.1,1
10.16751,77.0179,1551.5,43.9,180.2,34.5,61.0,154.4,236.7,338.0,449.4,171.0,0.98,19.4,90.9,127.8,461.5,1.0,690.7,1
26.07816,91.80572,119.2,18.3,36.5,6.6,29.1,42.2,59.3,82.2,117.1,43.5,0.499,24.0,87.4,55.4,150.0,0.372,945.8,0
26.07929,91.83562,221.8,16.4,198.1,8.8,77.3,123.4,175.2,272.6,410.9,144.5,0.834,18.6,86.5,199.1,570.4,0.538,764.7,1
26.08744,91.84805,256.4,34.1,291.4,0.3,0.6,1.1,1.6,19.0,33.2,8.9,0.133,25.6,54.4,35.9,314.6,0.644,806.3,1
26.13134,91.76478,215.8,16.9,159.4,48.1,55.9,112.6,193.8,316.8,446.8,159.8,0.931,20.3,81.5,239.7,432.0,0.384,484.5,1
25.27647,91.57509,1122.7,34.0,288.1,15.3,41.1,56.0,90.5,133.4,164.8,64.4,0.619,16.9,86.5,456.9,173.7,0.969,52.2,0
25.20714,91.77589,1457.9,39.4,152.2,0.0,0.0,0.0,0.0,7.7,11.3,3.0,0.132,23.7,52.3,119.1,124.6,0.911,176.3,0
25.58243,91.93307,1498.0,21.0,22.7,2.0,4.6,13.9,16.8,25.7,33.1,12.5,0.387,12.0,90.8,70.0,927.7,0.62,1588.7,0
25.56095,91.88965,1525.5,40.1,109.7,5.9,23.3,61.6,73.5,113.5,178.2,61.7,0.614,15.1,85.6,94.6,342.5,0.86,1427.8,0
25.65004,91.92595,1359.8,40.1,43.8,37.8,64.7,130.9,155.9,227.5,293.5,112.6,0.645,18.2,81.9,89.9,226.5,0.922,96.8,1
25.64466,91.86753,1539.9,33.6,354.1,2.1,3.3,6.0,10.0,16.1,23.0,8.2,0.408,13.7,84.2,55.0,438.6,0.6,913.9,0
23.7757,92.75357,1065.2,52.3,127.5,30.0,73.4,84.5,152.7,221.4,302.5,113.2,0.754,19.4,89.6,37.4,221.8,0.87,490.9,1
23.76892,92.66824,1073.5,44.3,171.4,9.3,39.0,42.8,72.6,91.6,132.5,50.2,0.538,17.9,96.7,33.3,377.9,0.87,1079.0,1
23.72179,92.66434,1069.4,41.2,162.2,0.3,0.5,0.7,1.1,1.9,24.3,5.3,0.227,24.2,48.2,24.9,406.6,0.638,3882.2,0
23.70048,92.69732,1340.4,30.5,24.7,0.6,2.7,4.1,5.6,8.0,10.0,3.9,0.423,18.2,93.9,97.6,293.3,0.676,33.1,0
23.69548,92.74447,1041.5,36.8,209.7,3.6,5.7,11.7,16.7,35.3,42.0,15.3,0.194,16.6,58.2,100.9,819.9,0.611,185.6,0
11.5397,76.07948,923.3,44.0,304.7,0.7,1.3,2.5,2.9,17.5,40.8,10.5,0.2,19.8,61.4,369.2,505.6,0.92,26.0,0
10.10289,77.0367,1496.9,38.8,182.1,2.4,6.3,9.9,13.2,19.1,36.1,11.8,0.254,22.2,64.1,126.5,236.2,0.8,188.9,0
26.08631,91.83708,95.9,16.9,263.9,1.7,5.6,9.6,13.5,23.1,35.4,12.1,0.364,23.7,92.2,157.9,396.7,0.514,621.2,0
26.04993,91.79704,159.5,29.3,78.2,20.9,27.8,81.5,110.7,156.5,235.8,85.0,0.686,19.4,88.7,92.3,360.1,0.623,682.2,1
26.12021,91.91584,247.3,35.1,179.4,1.0,2.7,3.1,5.0,8.5,11.7,4.2,0.385,18.9,93.2,36.5,349.6,0.726,46.9,0
26.13206,91.81088,38.8,15.7,229.5,16.2,61.6,81.7,122.8,189.4,268.0,97.1,0.682,19.1,86.0,62.1,403.7,0.358,956.8,1
25.324,91.61815,1090.5,37.4,289.0,14.6,22.0,68.1,82.9,144.7,217.2,74.5,0.627,17.2,87.2,229.7,180.8,0.872,20.0,1
25.23661,91.69662,1329.1,28.8,304.1,7.6,63.2,71.6,121.1,183.9,245.6,91.7,0.739,16.9,80.4,117.2,606.1,0.906,32.0,1
25.57539,91.92896,1407.2,22.9,203.5,20.1,59.6,178.0,232.4,337.2,401.3,160.5,0.98,18.5,97.6,32.6,627.6,0.753,550.0,1
25.63708,91.93791,1445.2,36.4,154.3,13.0,27.6,47.8,70.9,112.8,157.4,57.0,0.578,15.4,94.5,69.2,328.0,0.6,256.6,1
25.66109,91.97067,1164.3,32.4,316.0,2.2,8.9,18.3,20.4,35.9,36.7,15.0,0.252,21.9,72.3,69.9,293.3,0.741,79.5,0
25.58708,91.9152,1412.9,25.4,103.4,1.8,4.6,6.2,8.6,26.9,42.9,13.0,0.228,18.8,68.8,65.5,701.9,0.529,3917.9,0
23.76192,92.71087,1173.8,38.9,54.8,22.6,29.1,78.8,102.1,142.1,226.6,80.0,0.693,15.4,93.1,49.2,1095.3,0.947,2236.2,1
23.78365,92.68297,1024.7,41.5,136.4,0.5,2.4,2.6,4.1,19.3,48.9,12.5,0.205,24.8,54.4,33.5,406.6,0.906,167.2,1
23.79147,92.74853,1158.6,36.2,266.3,29.9,61.1,137.9,171.8,254.8,405.3,140.9,0.821,15.9,92.2,53.5,473.9,0.726,52.4,1
23.76593,92.75335,1302.2,38.1,231.4,0.9,2.6,4.4,7.2,13.3,32.9,9.3,0.233,23.7,64.9,39.1,536.6,0.804,78.1,0
23.7845,92.75075,846.2,35.8,351.6,4.8,9.2,30.0,35.7,45.6,66.9,25.1,0.532,21.3,97.7,102.7,512.9,0.69,751.9,0
11.52412,76.19959,876.4,36.2,24.6,0.7,1.7,3.6,5.0,6.9,8.9,3.5,0.46,23.4,96.1,51.4,102.3,0.939,20.4,0
10.06617,77.03382,1477.8,42.2,41.4,57.5,136.8,192.1,266.2,402.2,540.4,201.5,0.98,15.4,93.9,85.7,544.6,0.674,454.4,1
26.12976,91.85324,137.6,13.3,184.5,7.7,10.4,19.9,31.5,46.8,74.6,25.9,0.448,17.7,96.0,45.2,126.1,0.515,266.5,0
26.06721,91.78048,65.0,6.4,161.1,3.0,14.7,35.8,58.1,71.0,85.1,35.7,0.659,24.5,90.3,67.5,402.1,0.454,2908.6,0
26.05746,91.85368,121.3,29.6,182.7,1.5,4.1,4.4,6.8,12.3,24.1,7.4,0.131,20.8,72.2,115.2,420.4,0.824,2015.2,0
26.08602,91.78507,30.0,17.3,138.2,23.7,58.1,114.8,139.9,201.9,261.3,100.4,0.767,20.6,91.6,143.2,728.4,0.52,882.9,1
25.28646,91.57089,1180.9,46.6,190.8,11.5,22.9,34.2,45.0,54.0,56.5,25.7,0.362,21.5,69.2,44.5,179.3,0.984,286.4,1
25.25826,91.76913,1371.2,36.0,138.3,7.7,19.5,40.8,56.3,80.1,113.7,42.0,0.564,20.0,86.7,44.6,194.5,0.94,88.7,0
25.53825,91.88294,1483.1,28.7,229.3,7.6,12.6,36.1,44.8,68.1,104.1,36.6,0.588,22.1,81.9,26.7,1086.5,0.511,102.7,1
25.56442,91.8998,1351.4,37.5,52.9,3.6,26.3,31.6,49.1,85.0,120.8,42.5,0.478,13.6,86.1,82.4,345.1,0.531,767.0,0
25.66233,91.94753,1236.6,26.2,93.4,8.1,14.1,35.1,43.9,67.0,82.0,31.9,0.526,17.0,83.7,130.0,389.0,0.716,1156.2,0
25.55996,91.85071,1564.4,27.4,326.5,19.1,40.4,79.8,98.4,125.8,189.5,70.2,0.684,17.5,85.0,202.7,842.5,0.523,155.3,1
23.74453,92.74367,1233.7,43.5,135.1,15.9,50.3,87.0,124.8,192.9,297.0,103.7,0.709,18.6,94.9,133.7,347.8,1.0,1219.5,1
23.76284,92.70527,1166.7,50.5,333.5,2.4,21.5,29.8,42.1,66.5,95.8,34.2,0.515,16.8,93.2,70.2,386.5,0.981,2586.9,1
23.79732,92.68962,1101.6,40.1,252.0,4.8,27.2,49.1,73.1,90.6,118.4,47.4,0.588,18.0,97.1,28.0,765.5,0.549,74.0,1
23.78747,92.75807,1111.4,46.8,83.7,11.7,48.1,81.1,145.8,225.9,345.4,120.8,0.726,14.6,80.6,34.3,260.7,0.771,982.4,1
23.74173,92.72621,1005.1,44.3,199.7,17.1,44.0,70.1,88.6,135.6,187.7,68.8,0.641,17.4,84.9,79.9,440.2,0.677,43.1,0
11.51814,76.10448,975.4,38.6,22.6,0.0,0.0,0.0,0.0,2.1,12.9,2.8,0.139,24.9,54.4,159.4,423.7,0.841,362.7,0
10.10257,77.05589,1403.4,43.6,177.8,8.9,52.5,133.8,175.1,280.1,443.9,151.8,0.785,20.0,81.9,133.8,365.0,0.809,2074.2,1
26.07124,91.74147,31.0,5.6,133.1,21.6,50.5,103.3,134.8,191.8,295.7,105.3,0.676,24.0,94.3,157.2,125.5,0.555,460.2,0
26.07303,91.80944,267.2,19.9,208.5,0.3,1.4,3.5,5.0,6.8,10.4,3.8,0.401,18.6,88.9,51.4,463.6,0.494,630.3,0
26.05053,91.95063,269.3,32.8,278.3,52.8,87.3,212.7,320.0,450.0,554.3,219.9,0.98,16.4,86.2,122.5,317.9,0.692,777.9,1
26.17088,91.80752,92.5,27.2,243.2,46.4,87.2,150.7,225.1,311.0,366.9,149.5,0.926,19.7,88.7,170.1,496.3,0.402,3935.6,1
25.30507,91.53789,1090.0,34.9,224.1,0.7,4.7,6.8,8.6,16.4,36.6,10.7,0.196,19.9,72.5,52.5,180.2,0.799,1473.4,0
25.23188,91.72455,1530.8,35.4,87.1,12.9,39.1,57.6,74.0,113.1,139.2,53.9,0.699,13.0,95.6,82.5,451.9,0.783,3598.1,1
25.5861,91.95458,1518.9,21.8,179.4,39.1,78.3,162.6,238.8,371.6,439.5,172.8,0.956,17.3,83.4,137.8,907.7,0.603,2454.5,0
25.57591,91.90567,1519.0,29.3,171.7,0.6,1.4,1.8,2.8,14.1,37.3,9.4,0.177,20.9,45.3,55.3,710.9,0.7,188.3,0
25.59557,91.94644,1267.7,41.3,10.5,25.5,32.8,93.7,110.6,196.1,269.1,95.5,0.633,12.0,91.4,15.6,195.0,0.96,33.6,1
25.6294,91.82461,1656.8,13.7,305.0,6.2,6.5,17.9,21.0,36.0,42.9,16.4,0.207,22.6,57.9,136.6,534.3,0.404,2178.9,0
23.71834,92.76077,1124.7,41.1,274.7,4.1,7.9,14.9,22.0,27.9,45.7,16.3,0.297,22.5,55.9,46.0,537.4,0.925,360.8,1
23.80148,92.73606,941.6,50.9,185.6,26.7,41.5,80.7,113.0,171.7,243.1,88.4,0.674,17.5,93.0,27.9,184.1,0.898,1288.9,1
23.7473,92.71922,1155.0,33.2,149.7,2.6,5.1,6.4,9.4,14.8,18.6,7.1,0.265,18.0,67.9,84.6,324.3,0.663,376.9,0
23.78466,92.67378,1128.4,45.9,173.5,58.6,145.1,176.4,303.7,450.0,600.0,225.7,0.98,17.8,94.9,110.6,367.9,0.815,777.5,1
23.7154,92.69721,977.1,40.6,124.3,23.6,150.0,220.0,320.0,450.0,600.0,229.0,0.98,18.3,89.1,64.2,745.6,0.493,20.0,1
11.56026,76.11509,928.0,45.0,35.1,13.6,46.0,48.2,85.2,128.0,188.6,67.6,0.601,19.6,94.4,99.4,165.8,0.842,218.3,0
10.0587,77.0966,1504.7,45.7,205.8,1.3,11.9,14.6,23.7,34.6,43.3,16.8,0.204,17.9,63.6,44.5,407.9,0.712,383.2,1
26.06237,91.82462,30.0,30.3,119.7,5.4,13.7,22.5,30.4,40.2,53.7,20.9,0.455,22.6,85.0,70.9,204.9,0.344,4772.3,1
26.06271,91.88298,58.6,18.3,124.7,9.2,28.3,44.3,59.9,91.7,133.9,47.9,0.635,22.5,83.1,217.8,360.6,0.415,656.1,0
26.01899,91.87681,246.7,43.8,253.4,10.3,23.3,34.7,53.9,73.5,104.2,39.0,0.524,21.9,90.6,111.6,451.0,0.732,630.9,1
26.10348,91.80002,171.9,20.6,67.9,2.8,11.4,27.5,37.7,39.6,62.0,23.9,0.292,25.0,52.8,105.6,592.8,0.466,20.0,0
25.35189,91.62716,1042.1,43.4,32.9,13.8,87.9,136.7,246.5,307.2,479.2,175.8,0.967,13.8,83.9,97.7,220.5,0.782,1471.5,1
25.2304,91.66604,1446.1,34.9,184.9,65.3,121.0,195.8,320.0,450.0,585.1,226.0,0.98,16.1,95.7,111.3,379.0,0.959,392.1,1
25.5854,91.88122,1279.9,28.4,282.6,8.2,14.6,38.1,54.6,95.9,114.8,43.5,0.512,21.3,91.8,36.1,576.1,0.643,1722.7,0
25.52464,91.8807,1399.4,35.1,90.0,9.9,13.6,40.5,49.8,84.6,105.5,39.5,0.469,18.7,91.4,57.4,367.5,0.699,198.1,0
25.62339,91.96616,1288.5,45.7,318.4,11.1,34.8,48.0,80.3,128.8,158.5,60.6,0.549,19.6,82.1,22.5,190.3,0.878,443.8,1
25.63415,91.85016,1510.6,17.1,186.9,12.7,42.4,83.5,128.3,211.6,297.9,106.4,0.705,16.9,93.6,199.1,580.4,0.568,476.9,0
23.72337,92.69284,1260.8,55.4,8.0,2.1,6.9,8.7,11.9,31.5,46.9,14.9,0.231,20.5,65.4,136.6,673.7,0.993,1068.9,0
23.8167,92.74281,1038.1,43.2,317.4,2.8,5.3,10.3,11.9,16.0,19.8,8.0,0.182,23.3,60.3,147.5,227.8,0.755,464.6,1
23.81652,92.70243,1083.0,31.0,267.5,2.3,3.4,5.9,7.9,27.7,34.6,11.3,0.176,22.1,66.9,97.0,484.0,0.584,40.7,0
23.7311,92.72859,1265.3,45.1,134.4,7.0,49.4,79.0,116.5,178.1,246.6,90.4,0.707,21.1,93.7,16.2,214.8,0.66,986.6,1
23.6749,92.75776,991.9,29.9,93.0,17.5,32.6,56.9,76.9,99.5,135.6,52.5,0.543,21.0,83.6,55.1,431.5,0.62,1985.9,0
11.50211,76.09463,939.9,47.6,286.6,33.1,88.5,115.2,186.6,283.2,430.9,151.8,0.918,14.5,91.8,173.9,99.8,0.856,940.7,1
10.10115,77.05853,1505.8,46.0,269.2,1.6,4.1,13.0,15.9,21.4,30.0,11.3,0.445,16.3,85.8,194.6,538.5,0.874,3427.3,0
26.07677,91.77558,30.0,23.3,34.2,0.9,2.1,3.4,4.0,23.9,31.2,9.4,0.198,25.6,48.9,46.8,187.0,0.41,1802.6,0
26.09786,91.78407,216.3,25.7,274.4,11.6,121.2,153.7,228.0,328.6,435.6,165.6,0.98,19.8,93.2,100.2,372.4,0.632,1662.1,1
26.11559,91.92865,144.0,22.5,159.5,32.5,72.0,95.2,168.3,247.9,360.3,130.5,0.932,18.9,97.0,29.7,384.1,0.869,727.3,1
26.05909,91.81037,30.0,23.4,215.7,19.8,46.1,99.6,119.4,147.6,215.3,81.7,0.599,16.8,92.3,252.8,552.8,0.495,1037.9,1
25.30749,91.56732,1250.3,40.1,23.9,61.3,121.2,166.1,270.7,450.0,600.0,219.1,0.98,19.4,85.2,154.8,968.8,0.836,20.0,1
25.2801,91.73262,1474.4,42.4,22.5,14.8,51.6,93.6,114.5,158.4,221.6,83.1,0.666,20.5,83.0,81.5,118.5,0.949,2414.8,1
25.48319,91.8836,1395.5,25.5,7.4,0.6,1.8,4.1,4.6,8.0,34.9,8.7,0.219,23.9,49.7,64.1,777.5,0.72,264.8,0
25.55537,91.94125,1495.1,32.9,257.5,13.5,29.3,52.1,69.4,115.6,177.8,61.0,0.593,12.2,95.1,384.1,650.4,0.555,615.5,0
25.62252,91.81363,1246.0,28.2,309.5,27.5,39.1,82.7,135.9,240.6,295.7,110.4,0.791,22.6,88.8,90.8,229.2,0.93,468.6,1
25.57077,91.88907,1551.3,17.0,100.3,12.3,22.9,38.4,53.1,81.6,107.4,40.3,0.498,18.8,96.9,214.5,471.8,0.592,357.4,0
23.80199,92.81678,1269.5,55.6,224.5,0.5,1.6,3.6,5.0,6.6,8.5,3.4,0.439,18.1,96.6,141.3,353.7,0.996,20.0,0
23.80026,92.76316,1108.9,45.0,253.5,1.1,2.1,3.8,4.7,20.0,21.3,7.2,0.147,24.3,65.1,60.5,372.8,0.924,191.2,0
23.72316,92.76272,1038.2,43.5,167.6,2.4,14.2,19.9,24.6,36.9,42.9,17.2,0.217,22.8,64.5,40.9,421.9,0.649,1556.2,0
23.77305,92.75715,1174.5,47.9,155.2,15.7,34.1,110.3,131.6,210.7,330.7,113.5,0.764,14.4,92.2,45.6,462.7,0.679,254.8,0
23.75144,92.74266,971.7,45.3,159.4,6.5,8.4,18.1,27.3,48.0,56.6,21.6,0.457,16.0,97.4,72.4,494.4,0.674,219.6,0
11.59351,76.15361,1020.7,41.3,325.6,0.9,4.3,9.4,14.1,27.4,39.8,13.5,0.264,21.9,71.9,226.9,146.5,0.792,142.3,0
10.12124,77.03024,1468.3,30.7,103.7,18.2,39.9,77.9,133.2,203.5,316.7,110.3,0.819,20.3,91.9,226.5,468.0,0.752,588.6,1
26.07941,91.82208,115.5,22.2,37.6,37.0,47.3,85.8,150.5,234.4,347.4,123.0,0.78,21.1,89.6,53.7,148.4,0.31,4072.2,1
26.08038,91.82769,75.5,24.7,19.0,0.7,3.0,4.1,6.1,17.7,28.5,8.7,0.195,27.0,59.3,44.6,417.5,0.535,1548.9,0
25.99682,91.78087,229.1,28.8,137.2,2.5,7.6,12.0,17.4,36.0,39.6,15.0,0.245,26.6,60.9,17.7,376.8,0.658,845.4,0
26.09407,91.84032,71.2,24.0,41.9,19.0,103.8,208.3,291.2,420.0,600.0,220.2,0.98,22.8,86.7,83.6,416.8,0.496,441.5,1
25.33751,91.62703,1065.6,37.6,65.4,12.5,48.7,108.8,154.2,250.7,299.1,115.7,0.742,15.7,95.1,29.1,178.7,0.779,229.8,1
25.23514,91.72232,1444.9,34.7,159.8,0.6,6.3,7.2,10.7,12.9,35.9,10.6,0.27,14.0,52.5,93.4,158.1,0.852,1461.8,0
25.57736,91.93267,1562.4,31.6,250.8,15.2,57.5,100.8,127.3,225.1,299.4,107.9,0.683,18.9,97.8,14.1,688.8,0.703,95.9,1
25.59907,91.92052,1422.8,26.2,196.7,1.9,4.3,9.0,11.4,18.6,27.1,9.5,0.377,20.0,80.9,33.9,381.3,0.605,68.0,0
25.60225,91.89868,1202.9,31.2,12.9,0.4,0.7,2.1,2.4,17.0,45.4,11.3,0.16,25.1,52.4,103.7,257.9,0.79,43.0,0
25.60256,91.92975,1531.2,27.2,70.0,30.5,45.8,89.2,144.4,244.0,382.8,129.8,0.706,16.6,86.1,198.6,423.1,0.478,246.1,1
23.74462,92.70699,1096.0,30.4,142.0,4.7,17.4,42.3,51.4,78.6,116.4,41.4,0.476,14.0,82.3,33.0,483.5,0.808,1073.1,1
23.80246,92.66575,1049.0,37.9,284.6,11.8,27.1,70.4,91.3,129.3,187.7,68.7,0.645,17.6,97.9,23.6,818.8,0.883,2308.8,1
23.78625,92.80404,1147.0,36.5,168.4,12.9,33.5,52.1,74.4,118.1,137.1,54.1,0.503,16.8,82.3,30.4,438.6,0.566,573.2,1
23.7856,92.75434,1292.9,34.6,216.9,28.0,51.6,91.7,114.1,159.1,231.4,85.0,0.717,21.9,92.3,83.5,264.1,0.872,199.3,1
23.74351,92.6757,914.7,40.2,268.9,0.9,2.5,2.8,5.0,8.2,10.7,4.0,0.451,18.9,86.0,75.1,392.1,0.635,23.1,0
11.54004,76.17692,855.3,25.3,239.0,0.1,0.2,0.4,0.5,10.5,12.6,3.7,0.147,23.7,55.2,234.4,168.3,0.816,101.3,0
10.09691,76.99447,1473.9,45.6,285.2,3.3,4.4,6.8,11.4,16.8,23.4,8.6,0.265,25.4,62.8,13.3,405.7,0.913,481.6,0
26.0434,91.76539,197.8,21.1,280.7,12.6,45.8,65.4,110.0,138.1,209.5,77.7,0.642,21.6,94.6,83.8,284.6,0.524,4322.5,1
26.04473,91.74572,95.3,17.2,23.7,0.8,2.8,4.3,6.2,16.0,41.8,11.2,0.267,28.0,55.9,117.3,514.8,0.515,289.4,0
26.01525,91.88413,275.0,30.5,110.7,19.1,61.4,179.1,213.5,270.0,368.7,143.4,0.97,23.9,81.5,19.7,296.7,0.936,510.4,1
26.12801,91.73554,80.4,32.8,90.8,15.2,25.6,36.5,61.8,107.3,127.0,48.5,0.605,23.6,86.1,287.2,513.2,0.426,4219.1,0
25.30314,91.60394,1024.8,39.7,133.2,23.6,76.5,93.8,141.4,175.0,228.0,91.4,0.808,15.5,91.8,512.7,175.2,0.902,262.4,1
25.20721,91.68256,1640.3,30.9,233.4,29.3,43.4,90.9,149.2,195.2,247.6,98.9,0.723,16.7,95.6,58.2,136.6,0.834,621.6,1
25.57469,91.87107,1469.6,26.8,106.4,9.1,34.3,92.5,113.7,174.6,269.1,94.0,0.659,20.5,89.4,42.7,645.2,0.477,726.5,1
25.59698,91.88216,1534.8,31.7,110.5,41.4,99.5,110.8,183.8,300.1,350.6,136.9,0.881,12.0,90.5,239.8,487.3,0.76,2096.7,1
25.63708,91.90935,1266.0,42.1,231.8,10.0,44.1,88.1,113.6,198.1,302.3,103.0,0.631,17.1,83.6,32.6,295.0,0.691,53.5,1
25.6,91.90068,1525.3,22.9,89.1,0.3,0.5,1.3,1.8,2.2,26.8,5.9,0.206,22.6,53.5,180.2,527.5,0.665,20.0,0
23.6945,92.69993,1016.8,46.9,307.7,2.5,7.7,16.0,21.5,21.7,22.4,11.0,0.308,25.8,74.8,36.0,264.8,1.0,65.7,0
23.79129,92.72835,1053.9,44.8,162.4,3.8,17.4,34.0,57.8,73.7,101.9,39.3,0.509,15.3,97.8,102.2,596.3,0.873,498.8,1
23.71957,92.70103,878.7,49.6,8.6,3.1,28.5,37.7,52.7,93.6,112.5,42.4,0.515,15.9,80.9,98.9,334.9,0.697,667.0,1
23.81904,92.71171,1160.7,53.3,233.1,0.9,2.3,3.2,3.9,13.7,32.6,8.7,0.22,26.5,45.5,32.3,429.5,0.825,301.9,0
23.68576,92.69273,1102.9,49.0,204.7,22.6,50.8,104.7,175.1,309.9,479.0,161.8,0.915,16.9,92.0,77.9,471.3,0.556,405.0,1
11.50999,76.13562,790.3,53.9,205.3,24.0,95.9,142.5,198.1,268.8,393.2,145.1,0.964,20.1,93.2,110.4,190.5,0.848,343.7,1
10.06748,76.99484,1449.9,42.7,102.8,0.0,0.1,0.2,0.2,9.7,12.4,3.5,0.172,23.7,57.2,70.9,550.3,0.99,120.3,1
26.09502,91.8296,147.3,20.7,291.7,20.2,69.7,119.9,200.1,261.8,394.3,145.1,0.844,16.5,90.7,116.3,130.5,0.419,1484.7,1
26.07398,91.85134,30.0,32.0,310.9,1.2,6.7,18.4,22.6,33.3,46.8,17.2,0.53,25.0,96.8,473.4,541.0,0.592,293.7,0
26.04032,91.89578,155.7,28.7,309.3,26.3,29.6,79.5,113.0,181.8,285.3,97.8,0.743,22.7,81.5,54.0,350.2,0.714,41.3,1
26.07338,91.77738,193.1,23.9,132.1,1.5,5.6,9.5,15.0,19.8,29.8,11.0,0.478,20.8,93.5,241.8,680.7,0.46,216.5,0
25.24421,91.54151,1061.7,38.5,39.2,30.3,45.9,108.8,134.8,231.1,345.2,119.1,0.759,16.4,97.0,116.8,145.4,1.0,389.7,1
25.27031,91.76465,1473.7,31.5,238.4,4.8,6.6,14.3,16.7,19.3,40.5,13.4,0.249,23.6,52.6,195.1,137.7,0.942,31.7,0
25.61371,91.89507,1464.5,21.7,301.1,2.1,5.9,9.4,13.6,23.1,35.2,12.1,0.404,17.9,95.1,100.9,729.1,0.67,1007.3,0
25.54997,91.93766,1565.2,31.8,97.4,14.2,100.6,134.2,185.1,332.8,519.2,174.1,0.935,17.3,83.1,34.7,413.2,0.516,33.0,1
25.61651,91.92548,1087.0,33.4,162.5,1.3,3.2,6.4,7.6,25.5,51.0,14.3,0.171,23.6,53.3,11.8,590.7,0.898,224.6,0
25.62986,91.91398,1618.5,13.0,37.9,17.2,26.1,50.9,86.8,107.6,158.9,59.9,0.614,16.3,82.1,92.5,474.3,0.609,397.4,0
23.72449,92.74152,1114.1,49.5,122.8,25.5,54.5,85.0,113.2,138.0,191.9,74.8,0.715,13.6,85.0,140.0,546.4,1.0,169.5,1
23.75999,92.69546,872.9,49.6,154.1,7.1,29.0,46.4,56.5,84.5,109.7,41.7,0.549,18.7,85.4,40.9,176.9,0.874,941.8,1
23.72381,92.75119,1052.6,41.9,196.1,61.7,91.1,212.9,312.2,450.0,560.5,219.5,0.98,18.5,94.5,338.2,439.7,0.784,2067.3,1
23.78036,92.80978,1165.3,33.6,161.0,1.6,5.3,6.8,10.6,18.7,42.5,12.5,0.24,20.2,73.5,33.8,225.4,0.706,2601.8,0
23.74589,92.72778,967.8,38.6,181.3,1.5,3.1,5.3,7.1,22.5,41.3,11.9,0.172,29.1,60.9,134.5,652.3,0.688,1307.6,0
11.55894,76.14528,990.2,39.8,248.0,1.6,5.8,11.5,18.0,28.5,40.5,14.6,0.466,16.2,94.8,53.3,185.0,0.992,886.6,1
10.13426,77.02075,1437.9,39.8,219.5,5.1,9.9,22.7,31.8,42.6,65.2,23.7,0.408,15.8,94.6,45.6,227.7,0.97,703.3,1
26.14367,91.7314,30.0,16.7,215.8,16.9,76.9,110.8,143.6,223.8,346.1,120.3,0.812,18.1,93.4,246.3,202.7,0.434,470.2,0
26.03984,91.7285,89.8,26.2,204.8,2.3,7.2,14.3,16.7,24.0,47.8,15.3,0.242,27.4,67.2,140.8,629.7,0.456,555.1,0
26.04545,91.93652,291.0,29.6,67.1,0.8,3.1,6.5,7.9,17.5,24.0,8.1,0.15,24.8,59.3,197.6,391.7,0.794,824.6,0
26.06874,91.77487,30.0,25.5,302.1,28.7,48.0,91.8,120.8,207.0,277.0,100.3,0.722,21.5,89.3,115.0,429.5,0.275,340.8,1
25.33291,91.53465,1230.0,40.9,98.7,3.3,4.5,8.6,13.5,19.2,34.7,11.6,0.181,23.9,66.1,236.2,286.3,0.94,210.9,0
25.23683,91.75119,1412.3,35.6,295.8,33.2,88.9,154.8,212.0,275.6,364.0,142.8,0.947,17.5,93.1,234.7,325.5,0.748,777.3,1
25.58528,91.88927,1331.4,43.4,187.0,13.5,42.7,85.8,106.3,175.4,265.3,91.9,0.684,16.9,85.2,115.2,821.6,0.669,1548.2,1
25.56584,91.88735,1443.6,32.0,242.2,1.3,5.1,8.7,12.9,16.0,19.2,8.0,0.408,18.8,83.5,76.2,539.6,0.659,100.3,1
25.6164,91.97121,1238.3,35.7,14.4,17.4,34.1,70.6,96.0,166.2,208.4,77.5,0.561,18.3,89.3,34.8,299.2,0.885,1148.4,1
25.56988,91.85241,1485.5,20.2,34.4,11.1,20.7,34.1,47.8,64.5,84.2,32.9,0.529,19.9,89.3,43.4,412.4,0.542,864.4,1
23.75877,92.74611,1068.4,43.2,209.4,1.4,2.6,4.5,5.2,17.7,21.6,7.1,0.206,19.5,72.3,132.3,389.2,0.899,215.0,0
23.76429,92.76669,874.1,47.9,14.5,5.7,20.7,25.1,41.1,72.8,94.9,34.5,0.473,21.6,80.2,48.5,203.9,0.901,309.4,0
23.73549,92.70818,1039.8,40.7,292.7,4.2,16.7,28.4,36.4,63.9,79.4,29.6,0.35,20.2,81.1,61.2,349.9,0.765,251.9,0
23.82729,92.76602,1259.4,40.8,288.7,34.2,71.2,128.6,172.4,235.2,333.2,124.6,0.775,17.7,84.4,42.6,567.2,0.689,350.4,1
23.68404,92.71981,1108.4,42.8,27.9,8.6,76.5,125.1,167.2,204.5,269.1,107.7,0.788,18.2,89.0,217.6,579.5,0.677,673.7,1
11.54672,76.16507,857.8,24.4,348.0,0.2,0.4,0.5,0.9,11.9,24.4,6.2,0.173,24.1,69.8,100.3,98.4,0.881,210.2,0
10.10569,77.04435,1426.2,46.8,107.2,0.7,2.2,4.5,6.4,25.2,35.5,10.9,0.191,21.2,50.4,189.4,302.5,0.845,785.6,0
26.05297,91.82638,30.0,18.8,218.1,2.2,20.0,34.2,41.8,61.0,84.8,31.4,0.385,20.7,96.0,224.5,181.4,0.504,3249.1,0
26.06639,91.76904,30.0,19.8,100.4,68.5,117.7,219.0,320.0,450.0,589.9,227.0,0.98,26.5,87.1,33.9,414.0,0.481,1632.5,1
26.05625,91.89523,284.6,43.2,339.3,0.0,0.1,0.2,0.2,4.5,30.5,6.6,0.178,24.6,48.1,43.0,294.2,0.683,1464.0,0
26.11852,91.77782,197.4,19.9,121.7,0.5,0.8,1.3,2.1,5.8,11.2,3.2,0.19,29.0,47.4,158.2,559.3,0.404,2453.9,0
25.32426,91.57881,1247.5,32.0,47.3,5.6,30.6,47.4,56.6,76.3,99.7,38.9,0.447,16.4,89.5,118.1,132.9,0.889,264.5,0
25.25167,91.65924,1436.1,34.6,351.0,13.9,38.0,52.5,78.2,94.0,144.1,53.9,0.547,17.0,80.1,84.2,755.6,0.659,258.0,1
25.60557,91.91796,1436.3,18.1,337.6,0.1,0.6,0.8,1.3,6.3,32.7,7.4,0.194,19.7,53.1,126.3,742.2,0.6,128.5,0
25.55251,91.89715,1334.4,39.2,258.0,4.2,10.3,16.3,20.3,28.7,41.9,15.3,0.425,16.6,92.6,20.8,398.9,0.636,325.5,0
25.61331,91.96627,1352.0,33.4,160.7,3.5,4.3,9.4,11.8,24.0,51.5,15.1,0.238,19.6,62.0,33.7,286.5,0.869,1361.3,0
25.53886,91.88635,1370.7,38.4,65.4,9.1,27.2,41.8,65.3,96.2,117.8,46.2,0.559,19.7,85.4,219.0,558.5,0.43,653.5,1
23.80081,92.7299,1100.6,46.8,90.7,0.2,0.4,0.6,0.9,6.2,19.2,4.6,0.191,19.7,59.7,77.4,384.9,0.983,316.9,0
23.76172,92.73699,1059.7,52.3,79.2,32.9,138.2,190.1,259.3,441.0,600.0,216.0,0.973,19.3,85.0,91.5,212.5,0.857,3799.6,1
23.76623,92.73424,1130.9,43.6,350.8,0.2,0.3,0.5,0.7,3.2,22.7,5.0,0.161,22.0,55.9,162.1,481.3,0.647,447.4,0
23.77786,92.74202,1261.0,44.9,23.8,0.8,1.8,3.6,4.5,17.7,39.2,10.5,0.117,19.1,48.8,100.3,186.1,0.659,719.4,0
23.71359,92.74586,1013.8,31.7,241.5,0.4,1.5,2.4,2.8,7.7,24.2,6.2,0.181,26.2,55.3,88.3,404.4,0.688,157.2,0
11.60368,76.16664,1000.4,40.3,117.6,3.3,27.7,43.5,59.0,91.3,135.5,48.0,0.562,16.0,86.3,45.8,110.9,0.93,656.6,0
10.09266,77.07306,1552.7,43.9,222.6,3.1,3.8,10.0,12.1,29.2,37.8,12.9,0.165,24.0,73.7,14.7,340.1,0.862,120.7,0
26.05837,91.82224,38.1,19.3,273.2,48.0,85.7,159.9,267.8,431.2,600.0,216.7,0.98,19.9,88.1,86.6,741.1,0.536,326.0,1
26.0904,91.76155,95.0,23.9,95.6,0.2,0.6,0.7,1.1,20.5,34.0,9.1,0.19,26.8,54.0,26.7,404.3,0.486,1626.1,0
26.01805,91.89219,146.0,26.1,236.1,9.8,51.5,110.4,183.5,267.6,369.3,137.3,0.912,20.9,86.2,31.2,281.0,0.663,494.8,1
26.08852,91.76775,128.0,19.0,80.5,2.8,7.6,11.3,17.0,18.6,35.8,12.4,0.232,22.8,73.2,304.3,441.0,0.362,2709.6,0
25.37726,91.53527,1171.8,32.1,107.8,11.3,51.9,78.3,116.5,181.5,217.5,85.0,0.744,20.1,98.0,44.0,131.2,0.854,683.6,0
25.27021,91.76005,1509.6,32.8,351.9,0.2,0.6,1.2,1.8,18.1,29.5,8.1,0.176,19.0,74.4,109.5,190.7,0.805,48.2,1
25.60111,91.90533,1495.5,22.5,303.5,23.2,90.5,133.1,190.1,242.8,342.8,130.9,0.915,19.4,86.2,51.6,882.5,0.629,1382.6,1
25.57274,91.89781,1396.9,35.4,10.4,5.6,28.8,39.5,61.1,91.9,112.4,43.9,0.539,19.9,93.7,32.4,321.3,0.654,483.3,1
25.62916,91.92942,1243.7,36.4,263.6,12.8,53.0,101.6,149.0,185.0,260.9,100.5,0.859,21.6,80.5,70.3,198.2,0.849,763.4,1
25.61106,91.89346,1557.3,7.3,47.0,24.1,80.1,124.9,172.1,257.4,318.2,123.8,0.749,16.2,96.5,67.7,866.3,0.727,567.9,1
23.76449,92.70201,1077.2,40.5,280.1,11.4,27.4,42.9,51.7,65.9,87.1,34.4,0.635,21.7,92.9,62.9,274.9,0.836,2101.0,0
23.76375,92.64538,964.7,39.2,183.3,22.6,79.0,113.7,144.0,245.8,352.9,124.0,0.75,20.4,81.9,107.0,203.4,0.878,2407.8,1
23.79224,92.7509,1110.1,33.7,48.2,30.3,111.2,160.5,230.8,401.3,600.0,206.3,0.98,19.5,83.6,152.8,584.7,0.744,242.7,1
23.86359,92.77645,1248.9,45.5,239.7,0.0,0.1,0.1,0.1,1.6,22.1,4.6,0.244,21.9,59.6,27.9,336.7,0.761,661.9,1
23.71385,92.71277,1035.5,39.8,91.2,5.0,7.7,12.5,17.0,32.1,36.1,13.8,0.211,28.5,47.7,68.3,677.9,0.812,1275.4,1
11.54304,76.11216,922.6,35.3,224.3,18.0,32.4,77.3,101.1,174.3,210.4,79.7,0.666,21.5,82.3,79.6,116.3,0.962,63.2,1
10.11678,77.0821,1264.4,42.1,305.4,17.8,40.4,108.5,151.5,235.2,369.5,127.7,0.818,18.8,96.4,86.2,322.5,0.837,521.9,0
26.07515,91.80022,114.7,15.9,161.0,29.5,77.3,122.2,186.0,273.2,432.8,151.1,0.795,19.8,84.4,94.0,333.8,0.503,21.3,1
26.02744,91.80636,30.0,28.9,267.1,30.7,50.2,130.9,164.4,239.6,295.9,116.0,0.826,19.5,89.3,31.4,369.8,0.427,150.5,1
26.01922,91.92049,254.2,31.4,163.3,7.5,35.4,68.8,124.8,224.6,339.3,115.3,0.714,24.9,85.4,28.1,330.3,0.858,485.8,1
26.08212,91.804,175.3,20.2,167.9,0.5,3.6,4.3,7.5,9.1,12.1,4.8,0.445,19.0,93.0,116.3,570.9,0.441,251.4,0
25.32558,91.58156,1100.9,30.1,203.9,14.1,48.1,79.8,133.4,231.0,266.7,103.1,0.743,20.8,86.0,127.7,191.3,0.82,321.8,1
25.26992,91.72223,1488.3,33.0,94.6,4.5,10.3,21.9,26.1,39.8,66.4,22.5,0.306,17.8,72.9,38.9,156.8,0.914,434.5,0
25.53095,91.83729,1591.3,25.6,17.0,50.1,89.2,175.7,242.9,424.3,593.7,209.7,0.98,13.9,95.2,94.7,707.8,0.733,1018.6,1
25.57168,91.92066,1444.1,30.1,167.0,8.7,27.7,49.1,66.8,106.7,162.8,56.6,0.579,16.3,95.3,33.6,871.9,0.628,1523.6,1
25.67439,91.881,1263.5,40.5,23.6,34.5,73.4,123.0,168.1,287.4,400.5,142.5,0.822,21.3,81.1,46.8,278.2,0.732,260.3,1
25.60455,91.91036,1454.4,17.4,6.4,0.0,0.1,0.2,0.2,10.3,10.7,3.2,0.239,24.8,70.5,210.6,509.2,0.416,1514.6,0
23.70695,92.71035,1199.1,31.0,30.4,1.7,4.0,9.0,12.3,21.1,41.2,12.8,0.267,18.5,71.1,39.7,798.9,0.833,351.8,1
23.74509,92.70198,1007.9,38.5,239.3,24.2,42.2,64.3,112.5,153.4,244.1,86.7,0.693,22.6,80.1,68.4,155.7,0.959,477.3,0
23.7565,92.7573,1085.0,43.0,242.5,6.5,17.9,25.6,40.7,68.5,98.2,34.6,0.466,18.4,96.5,98.5,332.1,0.829,481.9,0
23.81381,92.75612,1282.7,41.9,232.4,2.3,7.9,9.0,13.2,29.9,42.7,14.2,0.187,25.6,64.0,27.1,267.8,0.818,538.5,0
23.74647,92.70817,850.6,46.9,286.7,49.4,82.2,215.4,319.6,440.9,600.0,228.0,0.98,17.6,83.4,35.7,445.9,0.672,1033.5,1
11.56452,76.14575,867.6,36.5,211.2,8.8,36.4,65.3,85.1,150.2,232.4,78.5,0.569,23.0,90.1,99.4,108.3,0.887,82.0,1
10.12237,77.14086,1490.4,41.9,22.9,15.8,59.7,160.6,229.6,358.2,422.0,166.1,0.928,18.9,92.3,332.9,386.2,0.972,1069.5,1
26.08265,91.76082,187.4,23.7,196.9,6.7,37.2,53.6,91.1,141.7,193.7,71.1,0.616,21.3,97.1,83.7,202.8,0.338,1719.4,0
26.03428,91.77202,35.0,20.0,9.3,23.8,75.5,111.2,138.6,169.3,244.8,93.6,0.771,17.5,85.0,44.3,734.9,0.528,29.5,1
26.0403,91.89279,121.6,37.5,193.4,1.7,5.8,7.9,9.9,28.0,49.9,14.8,0.24,24.6,55.8,171.4,319.7,0.765,85.1,0
26.10497,91.81876,59.9,21.8,224.4,1.1,3.7,7.3,8.2,22.1,42.3,12.3,0.239,23.2,67.5,90.5,499.2,0.318,37.7,0
25.26636,91.60401,1255.2,36.5,145.2,0.5,0.7,1.7,2.1,8.9,31.4,7.6,0.246,16.0,50.1,106.0,637.0,1.0,952.6,1
25.29334,91.72321,1487.2,47.9,328.5,1.1,2.8,5.7,7.0,12.7,20.2,6.7,0.16,19.6,65.9,106.6,208.9,0.913,20.0,0
25.56461,91.89376,1549.0,33.8,76.4,6.2,33.6,68.0,81.8,113.4,174.7,62.7,0.608,14.9,80.7,20.6,745.6,0.665,174.7,1
25.62347,91.90547,1405.7,31.8,174.6,31.9,69.1,108.1,150.9,244.4,326.3,119.9,0.797,15.1,89.4,101.6,381.9,0.664,70.1,1
25.66932,91.95628,1357.8,40.9,96.4,16.6,97.7,128.2,188.8,248.9,335.3,129.7,0.871,13.8,90.5,66.9,214.3,0.647,54.5,1
25.53188,91.9047,1625.6,22.0,286.5,5.8,21.9,28.5,44.9,71.3,110.0,38.1,0.609,19.8,89.4,201.0,416.7,0.596,1203.3,1
23.73222,92.82943,1021.8,51.8,245.4,13.5,65.4,114.1,144.3,221.8,329.0,116.8,0.721,15.6,94.6,45.9,347.0,1.0,746.2,1
23.75652,92.64462,1025.0,56.6,325.2,5.4,16.5,31.7,57.2,73.9,108.4,40.5,0.533,14.5,90.6,184.3,479.5,1.0,20.0,1
23.76783,92.73709,999.0,45.9,239.2,0.5,0.8,1.3,2.0,17.2,40.9,10.3,0.176,25.6,67.1,193.1,385.3,0.731,994.3,0
23.75968,92.74685,1283.1,56.6,62.7,0.2,1.1,1.4,1.9,3.2,21.1,4.9,0.16,22.2,74.2,77.8,303.1,0.942,176.7,0
23.73328,92.76087,1030.1,36.8,290.4,27.5,29.6,72.9,111.0,165.3,227.5,84.2,0.65,21.4,95.7,248.4,635.3,0.577,1684.8,1
11.53241,76.15772,826.6,28.7,168.3,14.8,86.5,120.2,211.9,268.3,335.1,136.2,0.809,16.0,94.4,142.6,173.4,0.781,1013.3,1
10.0495,77.02113,1484.5,41.6,173.6,56.0,89.8,159.3,280.4,423.6,510.8,200.6,0.98,16.2,85.8,230.9,277.7,0.904,295.8,1
26.04442,91.82637,203.7,29.7,258.9,1.0,4.0,5.0,7.2,17.4,29.4,9.1,0.196,28.7,56.6,138.6,258.4,0.452,1446.4,0
26.02563,91.78027,146.0,30.5,293.2,16.0,37.9,90.1,124.6,221.1,304.3,107.9,0.695,22.0,86.1,165.0,435.6,0.442,237.1,1
26.02325,91.91067,236.6,27.2,115.8,70.4,83.6,220.0,296.4,441.6,600.0,223.4,0.98,24.9,95.0,127.8,379.1,0.761,457.8,1
26.15431,91.79232,143.4,26.9,128.3,15.4,39.4,88.5,105.0,138.6,172.9,69.4,0.701,19.4,86.8,253.4,543.3,0.357,697.5,0
25.36697,91.6219,1081.4,38.0,233.7,1.3,3.3,7.4,10.2,12.7,41.2,11.5,0.135,21.6,68.0,80.1,140.7,0.923,655.3,1
25.27873,91.78304,1454.1,37.5,317.7,28.0,50.6,159.8,200.8,284.3,396.2,147.8,0.877,20.1,97.2,90.6,186.6,0.933,1784.9,1
25.5471,91.88454,1577.7,25.9,237.8,9.0,24.1,43.8,54.4,74.9,91.7,36.7,0.46,13.6,82.4,101.2,656.6,0.529,375.6,0
25.60732,91.8873,1507.6,40.2,125.6,0.5,0.7,1.3,1.7,15.9,40.5,10.0,0.202,23.1,56.8,56.8,495.7,0.555,448.3,0
25.59991,91.95806,1343.2,46.3,7.6,31.7,124.0,186.9,261.3,441.7,600.0,216.4,0.98,20.8,88.9,11.3,813.3,0.716,808.3,1
25.58962,91.93412,1625.9,34.7,95.4,10.4,18.5,37.3,50.1,64.7,101.6,36.8,0.515,20.2,80.4,53.4,510.1,0.491,2138.4,0
23.74398,92.75713,1147.9,35.7,289.0,26.9,48.2,120.3,189.4,276.9,397.4,145.1,0.774,16.6,87.0,40.2,607.5,0.924,20.0,0
23.77051,92.73255,995.6,41.0,3.2,5.0,15.1,18.9,33.9,54.1,77.2,27.6,0.536,17.3,81.6,215.3,325.3,0.88,83.3,0
23.79561,92.75119,1145.0,30.3,24.1,2.4,8.5,15.1,18.2,26.4,32.6,12.8,0.491,18.3,94.5,27.4,476.9,0.769,90.3,0
23.78529,92.72695,1177.9,47.0,100.1,69.4,124.3,211.5,298.7,450.0,518.5,208.4,0.98,19.8,88.5,82.8,187.1,0.844,621.4,1
23.7185,92.74666,980.9,35.2,236.0,6.4,30.5,43.3,61.4,90.7,117.1,44.8,0.633,20.1,87.4,104.4,570.3,0.636,1601.5,0
11.5542,76.09575,979.8,33.7,136.2,0.2,0.6,0.8,1.0,5.2,20.3,4.8,0.182,21.3,68.4,153.0,128.8,0.765,1771.3,0
10.09025,76.97591,1615.6,49.1,175.1,27.9,40.3,75.7,122.6,181.4,230.2,88.7,0.746,20.0,95.7,18.9,579.9,0.813,379.3,1
26.02131,91.81421,53.3,18.7,38.7,26.5,35.8,65.3,110.7,153.0,237.5,85.0,0.686,21.4,88.0,48.8,237.7,0.448,452.6,1
26.09408,91.84046,261.9,17.4,295.0,0.2,0.5,0.8,1.3,14.6,40.5,9.8,0.2,23.8,70.6,206.6,396.2,0.477,835.5,0
26.07247,91.82317,230.4,29.3,0.1,0.1,0.3,0.6,0.8,7.9,17.5,4.5,0.141,25.5,45.7,60.0,591.9,0.777,245.5,0
26.12528,91.82942,89.9,17.2,50.6,12.2,29.1,46.0,55.1,84.5,110.2,41.5,0.541,23.1,81.2,142.4,532.9,0.423,492.2,0
25.32343,91.6,1049.1,45.7,241.2,14.2,62.9,72.3,129.3,230.1,319.2,112.7,0.651,16.0,81.2,388.4,91.0,0.788,719.2,1
25.21547,91.82917,1498.7,32.9,69.8,13.7,83.3,141.1,197.1,258.8,304.2,126.1,0.894,14.1,94.9,64.4,193.0,0.972,840.4,1
25.60846,91.90584,1540.4,25.2,254.2,28.7,51.4,86.3,130.4,195.1,275.2,100.6,0.685,19.6,81.8,86.1,569.3,0.715,60.3,1
25.61554,91.8453,1412.6,32.3,62.9,1.8,3.3,5.2,8.2,27.8,36.3,11.7,0.282,18.5,45.7,153.0,435.4,0.631,145.5,0
25.63581,91.89139,1294.7,41.9,206.1,25.6,75.4,84.0,139.4,217.2,291.2,107.8,0.727,13.6,94.9,61.1,307.6,0.772,250.1,1
25.61051,91.85854,1449.7,28.4,140.5,10.6,51.8,113.2,151.2,241.8,309.2,116.3,0.709,16.7,83.8,36.9,750.6,0.497,329.4,1
23.72058,92.70776,1178.8,43.2,122.3,0.9,4.0,5.2,8.2,18.9,32.0,9.9,0.171,24.1,71.1,563.3,360.4,0.83,334.7,0
23.765,92.65088,961.7,48.8,132.6,6.8,15.7,23.9,31.4,43.2,56.3,21.9,0.563,20.6,95.4,22.1,267.8,0.902,50.6,0
23.75316,92.7583,1124.3,36.9,61.3,1.0,7.9,9.5,15.5,24.9,34.7,12.5,0.479,18.7,97.0,64.9,359.4,0.615,783.1,0
23.82133,92.74911,1176.3,35.4,283.3,5.4,16.1,24.9,30.0,50.2,74.0,25.8,0.511,16.9,87.7,40.4,252.7,0.731,440.0,0
23.72612,92.72543,1075.0,38.8,277.8,5.3,43.4,56.1,89.7,152.3,223.4,77.8,0.605,18.1,91.9,75.0,539.4,0.698,448.8,1
11.6647,76.15773,962.6,42.1,239.0,24.8,68.0,154.2,192.9,263.3,389.6,142.8,0.956,21.0,85.4,77.5,128.0,0.878,610.5,1
10.11551,77.10906,1545.2,37.0,176.1,2.5,4.4,9.9,16.3,27.8,41.1,14.3,0.492,19.2,83.2,81.4,561.6,0.722,281.6,0
26.10338,91.75104,30.0,12.7,112.7,27.6,50.0,141.6,190.9,234.9,368.1,135.3,0.846,22.6,93.1,79.1,291.4,0.37,665.5,1
26.04742,91.81152,190.6,22.5,301.6,1.9,8.6,19.6,25.5,43.4,72.6,24.0,0.268,25.0,51.4,122.8,503.3,0.466,135.3,0
26.08689,91.90452,208.2,39.3,290.9,17.1,52.1,66.0,117.6,185.0,277.4,97.5,0.582,21.3,85.0,97.4,457.0,0.721,1073.4,1
26.1349,91.78261,293.4,27.2,269.8,0.0,0.4,0.6,0.8,13.1,27.5,7.0,0.206,25.6,67.4,89.9,454.8,0.378,2282.7,0
25.28505,91.60071,1131.3,42.6,244.1,8.0,41.7,58.9,76.0,120.6,158.0,58.9,0.668,19.0,89.7,172.0,90.1,0.796,396.9,1
25.247,91.72526,1486.7,39.8,335.1,21.1,23.9,60.6,89.7,145.6,197.8,72.1,0.639,15.8,97.3,68.9,172.7,0.888,1260.5,1
25.63394,91.90249,1518.3,21.3,242.7,30.9,93.1,130.2,216.5,356.2,458.2,170.6,0.894,18.1,92.4,23.0,633.1,0.666,238.1,1
25.53171,91.90099,1419.1,34.0,141.0,2.2,4.1,7.7,10.8,12.8,34.4,10.3,0.224,26.9,52.5,51.4,381.0,0.653,20.8,0
25.641,91.93076,1372.8,20.0,11.1,0.0,0.1,0.1,0.1,18.6,19.3,5.8,0.234,28.1,51.6,52.8,348.4,0.738,27.6,0
25.57152,91.90036,1515.3,27.4,82.8,3.4,5.2,14.0,19.0,33.7,46.9,16.6,0.402,18.1,95.4,247.3,440.5,0.689,436.6,0
23.71053,92.72127,1179.0,54.5,74.7,3.1,7.7,12.2,18.2,32.8,36.8,14.3,0.277,23.5,51.9,179.0,225.1,0.848,1146.6,0
23.79608,92.71729,1118.2,38.1,317.5,3.2,27.3,40.1,62.3,111.0,137.4,51.0,0.506,15.1,80.2,156.2,154.9,0.79,1897.9,0
23.83522,92.80536,1216.6,32.0,233.0,7.8,45.9,81.7,113.6,170.0,251.5,90.0,0.712,17.6,88.7,89.7,561.9,0.672,956.3,1
23.77349,92.68306,1103.7,30.6,281.4,0.4,2.6,4.5,6.5,22.7,25.4,8.6,0.166,24.1,67.0,60.3,350.8,0.834,603.4,0
23.67161,92.62113,1043.4,31.7,157.0,0.0,0.2,0.3,0.4,2.5,21.4,4.6,0.145,26.1,74.3,28.0,478.3,0.625,5239.7,0
11.52299,76.12934,805.7,34.9,52.2,10.3,18.6,27.7,34.7,41.6,46.7,20.4,0.319,24.0,68.5,175.1,457.6,0.84,1353.2,0
10.11679,77.03239,1494.8,32.7,353.5,0.1,0.7,1.1,1.4,20.1,27.1,7.7,0.177,20.0,45.6,14.9,579.5,0.735,20.0,0
26.0252,91.80823,48.6,26.7,111.5,3.6,12.4,20.3,25.4,40.4,50.6,19.2,0.543,19.5,82.1,70.5,155.3,0.359,793.7,0
26.07073,91.81072,132.8,18.3,332.1,2.0,13.3,16.7,29.4,47.1,72.1,25.0,0.5,15.4,87.2,38.6,593.9,0.575,205.3,0
26.01643,91.9133,316.2,21.0,76.9,43.8,73.8,154.0,207.4,279.5,335.1,136.5,0.903,20.7,84.9,169.5,343.8,0.757,2530.7,0
26.08988,91.84327,35.9,22.8,11.2,0.1,0.5,1.3,1.5,15.4,39.4,9.7,0.119,22.8,52.0,112.4,520.4,0.292,4548.1,0
25.32271,91.5093,1291.7,37.2,156.8,10.0,28.7,61.5,85.8,140.5,195.3,70.3,0.537,20.8,93.3,203.8,174.1,0.851,477.2,1
25.25506,91.74937,1377.9,31.3,82.9,2.2,3.5,7.3,9.4,11.9,15.0,6.1,0.453,19.2,87.0,277.0,472.3,0.844,139.9,0
25.58982,91.87137,1330.6,30.7,266.5,24.0,51.9,113.7,154.0,195.7,282.7,106.9,0.774,16.7,94.0,87.0,1080.6,0.64,379.1,1
25.55567,91.88258,1522.7,33.4,103.6,10.8,78.5,144.2,189.0,239.8,308.7,123.5,0.843,20.0,84.3,109.2,352.9,0.65,1632.5,1
25.70582,91.95571,1167.7,47.9,259.9,0.1,0.5,0.6,1.0,20.7,39.3,10.1,0.1,18.7,52.2,94.2,550.7,0.845,2564.5,0
25.58793,91.90024,1537.2,16.0,120.5,5.3,14.5,25.3,41.3,58.9,76.1,29.4,0.444,19.4,90.4,40.5,441.8,0.603,404.5,0
23.74013,92.71026,1137.8,39.8,56.8,21.3,43.6,61.4,93.0,117.5,171.5,64.6,0.615,17.0,86.2,32.7,350.7,0.896,2232.3,1
23.7798,92.64159,953.8,40.2,159.4,34.5,58.0,149.5,196.0,314.8,365.5,143.8,0.803,16.5,92.0,29.5,284.1,0.985,160.4,1
23.74597,92.7844,992.1,41.9,220.1,0.3,1.3,3.3,4.2,14.6,36.9,9.7,0.251,14.6,56.9,24.1,361.3,0.727,2706.1,0
23.81134,92.67409,1333.4,40.0,6.5,11.9,41.9,49.9,86.4,130.7,199.5,70.3,0.567,19.2,80.4,67.2,288.1,0.71,653.4,0
23.70597,92.72949,1005.6,44.1,28.3,9.9,40.2,81.3,114.0,185.4,230.8,87.5,0.718,21.7,90.1,212.2,407.6,0.732,140.6,1
11.55774,76.09014,840.2,29.2,61.2,21.6,42.0,60.9,100.9,149.3,236.8,82.5,0.689,20.7,80.6,85.5,246.0,0.893,132.8,1
10.12936,77.06838,1427.0,31.2,84.0,15.7,47.2,70.6,87.3,128.3,151.2,60.5,0.631,22.1,90.9,73.8,304.9,0.8,231.8,1
26.04343,91.79203,30.0,11.7,211.4,33.4,122.1,146.3,225.1,350.4,417.2,163.5,0.923,22.4,97.3,145.6,352.8,0.508,589.9,1
26.11759,91.82996,120.9,25.6,193.8,16.9,33.8,69.0,125.3,189.6,247.5,93.5,0.748,20.8,83.0,119.6,421.3,0.557,585.3,1
26.04415,91.90948,254.2,27.3,251.3,12.0,56.9,75.9,133.4,229.1,362.5,122.1,0.718,17.2,80.4,96.9,360.1,0.682,814.7,1
26.08157,91.79935,170.5,15.4,42.3,0.9,5.7,8.2,11.2,30.1,34.3,12.1,0.225,21.6,73.7,92.0,891.3,0.523,2232.4,0
25.28279,91.5264,1134.8,27.4,5.5,5.0,10.0,16.2,21.5,32.6,48.9,17.4,0.437,15.5,88.8,34.4,166.6,0.895,88.7,0
25.26908,91.71582,1419.3,39.4,50.1,27.1,80.9,203.8,242.2,312.9,463.1,172.3,0.914,16.7,83.3,114.4,297.0,0.887,707.9,1
25.56918,91.92599,1590.9,27.4,152.8,11.2,35.0,54.0,76.1,109.2,156.2,57.4,0.518,12.4,90.4,25.2,579.2,0.668,1326.1,1
25.60425,91.91473,1562.6,39.4,288.9,0.4,0.7,0.9,1.2,2.5,7.6,2.0,0.163,20.9,55.7,47.2,364.6,0.663,858.4,0
25.6166,91.96298,1213.7,36.9,113.2,25.3,66.6,125.0,198.3,340.3,402.1,154.1,0.848,19.2,86.2,13.1,237.2,0.833,161.0,1
25.61207,91.91247,1534.4,24.2,241.5,0.0,0.1,0.1,0.1,11.0,26.8,6.5,0.244,21.8,64.7,78.4,597.8,0.378,2480.4,0
23.66738,92.68911,1215.8,35.4,230.5,1.5,3.2,3.4,5.4,10.1,38.6,9.8,0.246,22.0,45.6,92.2,268.7,0.916,685.3,0
23.79473,92.65326,1023.0,40.3,164.5,21.4,63.9,121.6,170.3,260.8,358.2,131.8,0.853,19.7,90.6,51.9,308.0,0.883,891.4,1
23.71973,92.73996,872.9,33.2,322.9,32.7,89.4,134.1,239.2,358.5,501.7,184.0,0.98,20.3,83.2,45.3,549.7,0.58,54.6,1
23.77957,92.75048,1147.8,36.7,3.3,0.4,0.8,1.5,1.9,8.3,10.9,3.4,0.191,20.3,57.8,100.9,225.9,0.705,20.0,0
23.73352,92.71555,1216.9,31.7,206.4,2.3,6.5,12.0,17.6,27.7,50.0,16.3,0.208,22.0,66.7,156.2,441.3,0.584,1929.4,0
11.61592,76.19407,898.1,40.0,112.8,0.4,1.4,2.0,2.5,10.6,17.0,5.0,0.23,19.0,50.3,143.8,133.6,0.808,400.0,0
10.08724,77.06686,1573.6,52.2,150.8,6.4,49.4,88.4,113.6,169.1,265.3,92.7,0.735,18.9,83.5,132.2,477.7,0.723,354.4,1
26.06652,91.84695,86.9,16.1,91.2,12.1,16.7,38.8,58.0,75.5,95.5,38.3,0.536,22.7,87.4,281.1,140.3,0.318,5223.1,0
26.03597,91.87072,30.0,28.4,203.9,13.4,43.9,100.8,154.5,274.8,379.1,134.2,0.713,25.1,85.8,11.9,454.1,0.402,1728.4,1
26.04794,91.84794,312.4,29.0,101.5,6.6,27.4,59.0,88.0,150.2,196.1,71.8,0.636,24.2,90.6,50.4,409.1,0.827,271.2,1
26.14035,91.73339,30.0,14.9,94.4,7.5,69.9,108.3,144.4,200.0,256.3,100.1,0.791,23.5,86.3,88.4,523.1,0.384,888.8,0
25.28886,91.56406,1084.2,39.7,51.9,1.7,2.5,4.5,5.8,7.9,21.5,6.3,0.336,24.3,68.5,164.1,277.9,0.86,1116.9,0
25.33541,91.71365,1554.1,43.5,80.7,14.6,56.1,131.0,201.6,287.1,357.9,140.6,0.834,22.0,80.6,60.8,359.5,0.939,691.6,1
25.60487,91.88807,1473.7,25.4,50.4,25.8,57.7,99.3,166.2,233.2,270.3,110.6,0.815,18.4,95.7,105.0,567.7,0.424,183.0,1
25.5523,91.91308,1506.4,33.5,264.6,41.3,119.0,142.6,238.8,371.7,526.7,190.3,0.98,17.6,84.1,35.0,485.2,0.778,62.9,1
25.68284,91.875,1097.1,31.4,310.9,1.0,1.9,3.2,3.6,8.5,25.8,6.7,0.161,24.7,45.2,74.6,252.1,0.756,273.2,0
25.6135,91.912,1581.9,22.0,187.0,1.0,2.5,3.5,5.0,6.6,8.8,3.4,0.509,18.1,90.9,75.1,456.2,0.591,899.7,0
23.71399,92.68153,1211.6,37.5,164.0,17.6,74.8,111.7,140.4,218.0,275.4,105.0,0.788,16.5,88.6,46.1,328.5,0.861,112.8,0
23.77186,92.74029,1114.2,41.6,226.8,3.5,9.9,14.8,23.3,33.1,39.3,15.8,0.395,20.5,95.7,63.1,204.7,0.711,615.0,1
23.76738,92.78599,1174.9,33.3,163.5,0.3,0.6,0.8,1.1,4.0,13.5,3.3,0.166,20.7,56.9,89.8,759.0,0.696,547.8,0
23.76032,92.73702,1098.1,45.5,342.2,0.3,0.9,2.3,2.6,19.6,42.9,11.1,0.193,14.9,58.9,38.4,285.5,0.775,377.0,0
23.73465,92.75982,1074.9,32.1,260.1,3.1,12.8,17.4,26.8,34.4,45.7,17.9,0.504,15.4,81.3,78.5,571.7,0.809,475.2,0
11.53437,76.11776,947.3,37.5,207.5,0.9,1.3,2.7,3.9,6.8,31.2,7.7,0.222,20.0,73.3,95.0,206.5,0.722,471.5,0
10.07338,77.13257,1431.3,39.4,346.2,40.8,54.9,131.3,169.7,256.7,326.3,124.9,0.868,17.9,91.9,43.2,308.5,0.939,554.7,1
26.14789,91.79498,30.0,8.8,146.6,4.4,22.5,40.6,51.1,80.9,104.4,39.2,0.471,23.4,85.7,67.0,242.1,0.36,894.8,0
26.03672,91.75627,78.2,24.9,157.8,10.0,29.7,59.3,95.7,160.7,225.5,80.3,0.608,21.7,87.3,19.7,519.1,0.494,1223.4,1
26.07517,91.94369,236.9,31.0,215.7,14.5,80.8,145.4,175.6,250.2,314.9,123.1,0.909,21.9,80.1,94.8,416.1,0.709,210.3,1
26.03815,91.79874,30.0,34.2,296.2,35.4,56.7,119.7,155.2,230.6,277.9,109.7,0.748,21.7,93.2,96.6,402.9,0.462,113.2,1
25.25895,91.62574,1205.8,45.1,253.4,22.4,49.6,102.9,160.1,196.2,281.6,108.0,0.759,15.3,93.9,56.7,126.6,0.94,80.2,1
25.24912,91.79928,1576.0,35.6,16.1,6.6,21.0,43.4,61.4,98.1,129.6,48.0,0.578,14.4,85.2,92.3,113.6,0.949,47.5,1
25.57507,91.90414,1613.6,32.6,295.3,4.0,6.4,11.8,16.3,23.9,34.6,12.6,0.437,16.7,89.7,19.4,554.0,0.546,386.8,1
25.58948,91.92412,1563.5,29.1,143.0,22.2,71.8,100.7,137.8,206.1,309.8,110.1,0.744,16.4,84.5,96.6,423.6,0.688,3447.9,1
25.62825,91.94255,1335.6,35.4,135.8,0.6,3.1,6.2,7.6,11.0,28.7,8.4,0.164,25.4,65.8,180.5,285.8,0.688,705.7,0
25.57896,91.84122,1635.0,14.9,82.2,0.8,1.6,2.7,3.5,7.1,29.1,7.2,0.11,20.1,61.4,133.8,417.7,0.541,67.3,0
23.72402,92.75545,1317.3,35.8,227.8,0.2,0.4,0.6,0.8,13.9,41.6,9.9,0.215,26.1,46.4,187.0,471.3,0.852,46.1,0
23.8141,92.69256,867.8,46.1,275.1,6.5,54.3,75.9,119.0,182.7,234.9,89.1,0.741,18.3,84.2,71.2,183.3,0.806,470.1,1
23.79567,92.76738,1010.9,38.5,25.5,13.0,15.1,36.8,60.0,94.1,124.1,46.2,0.516,18.9,84.9,228.9,365.6,0.741,850.7,1
23.72433,92.72992,1360.0,34.2,25.0,0.0,0.1,0.1,0.1,3.2,26.9,5.7,0.148,20.5,58.1,50.1,191.3,0.798,747.2,0
23.72575,92.69167,866.3,24.6,164.8,18.9,33.0,53.8,81.7,120.9,176.5,63.7,0.593,19.9,96.5,160.1,968.5,0.621,93.2,1
11.57309,76.15534,900.8,29.4,15.6,20.2,52.2,75.3,122.8,152.9,207.8,81.4,0.593,17.0,97.1,349.6,208.3,0.898,1801.5,1
10.06592,77.06409,1406.0,47.5,78.7,16.7,39.4,69.1,106.8,167.3,263.1,90.7,0.64,17.9,88.3,189.2,224.9,0.901,324.8,1
26.07288,91.83613,82.0,23.1,67.2,7.9,19.1,40.3,67.8,82.7,112.6,44.4,0.547,25.2,94.9,54.0,225.4,0.555,1093.6,0
26.07197,91.8971,30.0,12.8,223.5,1.8,2.9,4.3,6.9,8.1,9.6,4.1,0.142,22.5,66.5,118.6,357.8,0.442,878.1,0
26.01866,91.86205,46.2,34.4,284.8,6.3,16.1,32.4,48.9,73.3,95.6,36.2,0.466,20.4,80.3,133.4,308.1,0.636,36.6,0
26.12753,91.79967,79.4,12.3,265.4,0.8,0.9,2.5,2.8,20.0,40.7,10.7,0.194,26.4,50.7,106.7,411.1,0.516,476.0,0
25.27387,91.6168,1109.7,40.1,57.0,0.2,0.4,0.7,1.1,19.8,20.4,6.3,0.163,21.2,59.5,80.6,143.2,0.896,85.4,0
25.30841,91.75343,1550.8,49.8,72.2,7.5,23.7,42.5,51.5,73.3,114.1,40.4,0.496,13.0,95.7,65.6,247.5,0.978,277.5,0
25.50941,91.96732,1420.4,29.4,153.0,23.8,54.7,110.2,156.8,190.4,245.8,99.6,0.885,17.8,88.1,38.9,603.1,0.704,360.6,1
25.55878,91.9219,1453.3,39.6,153.7,19.9,62.6,99.6,127.1,168.9,248.6,92.0,0.689,19.9,83.1,20.2,409.9,0.71,154.3,1
25.56948,91.90065,1262.8,32.5,77.4,25.5,35.4,86.1,122.1,203.6,258.0,96.4,0.525,16.6,90.0,76.5,211.0,0.723,446.2,1
25.58526,91.90571,1622.9,23.2,261.6,30.8,43.8,97.0,173.2,296.4,432.1,150.7,0.878,13.8,94.3,64.3,415.5,0.534,106.5,1
23.76412,92.70446,1077.5,46.2,357.0,2.8,26.1,41.6,55.7,91.3,119.6,44.2,0.499,16.4,88.6,156.4,267.5,1.0,111.7,0
23.81488,92.81406,963.5,39.1,326.2,5.8,17.6,21.2,36.7,48.7,67.0,25.6,0.475,18.8,84.8,67.7,277.7,0.917,316.1,0
23.77653,92.71791,1120.9,42.6,201.6,2.8,8.0,10.2,13.4,15.7,40.5,12.4,0.192,24.7,73.7,117.5,436.0,0.642,498.8,0
23.82551,92.68595,1330.7,46.0,71.4,23.4,52.4,93.6,142.0,171.4,216.3,88.8,0.791,21.4,96.5,19.1,205.3,0.703,94.1,0
23.75971,92.69692,1062.7,44.6,284.4,0.2,0.3,0.5,0.9,19.0,34.8,9.0,0.221,24.6,73.5,187.8,489.0,0.69,310.9,0
11.4925,76.0825,954.4,50.0,352.2,1.4,3.2,7.1,10.3,25.7,31.8,11.0,0.239,27.8,50.2,59.3,192.9,0.993,727.6,0
10.07438,77.06817,1381.0,49.6,100.4,4.7,28.6,41.3,52.3,86.2,129.9,45.1,0.602,17.6,84.0,170.6,413.6,0.856,335.7,1
26.11173,91.7869,67.4,21.1,327.7,38.5,46.4,121.8,166.4,244.7,384.7,134.7,0.802,20.9,80.5,90.5,168.8,0.472,998.1,1
26.09451,91.82588,92.4,16.8,1.1,8.3,13.0,37.8,47.5,76.3,94.5,36.0,0.503,19.0,96.4,60.8,476.3,0.483,2709.0,0
26.09029,91.86015,137.8,20.3,260.4,4.6,8.4,13.0,15.7,32.8,32.8,13.0,0.286,23.2,63.0,30.6,334.3,0.813,1171.2,0
26.03908,91.80289,30.0,23.9,141.4,13.3,62.0,96.2,118.6,182.1,236.0,89.1,0.665,21.4,85.9,111.0,656.2,0.506,131.8,0
25.2501,91.565,1030.0,29.7,63.4,17.2,80.9,100.5,152.1,187.4,279.9,105.1,0.819,22.6,88.8,27.6,232.0,1.0,306.0,1
25.19866,91.78069,1495.1,38.8,4.3,18.0,35.1,59.2,78.8,94.8,151.0,55.4,0.63,13.9,96.1,57.6,234.1,0.953,59.9,0
25.55855,91.88044,1523.0,37.6,223.0,27.2,54.3,75.7,110.1,191.8,255.9,92.4,0.564,23.0,88.1,131.4,662.2,0.51,37.9,1
25.53112,91.88578,1585.2,30.6,270.8,63.5,78.7,147.4,255.9,358.8,433.5,173.8,0.98,22.4,90.4,44.0,679.2,0.681,20.0,1
25.67293,91.95702,1276.2,35.3,222.5,9.7,42.5,94.4,117.4,199.2,263.4,96.1,0.773,19.4,84.3,22.7,726.8,0.815,270.3,1
25.60357,91.84949,1367.0,19.6,60.3,6.2,49.2,70.3,112.4,179.9,267.4,94.0,0.688,20.1,80.3,193.0,433.6,0.66,1433.4,1
23.71451,92.79825,1138.9,40.9,158.4,3.2,19.3,31.2,43.3,66.4,77.3,30.8,0.548,18.1,87.2,96.4,447.0,0.958,1106.6,1
23.82243,92.69992,970.9,47.1,286.4,29.2,63.5,90.9,126.9,199.2,271.6,99.6,0.714,20.7,82.3,53.4,213.4,0.884,420.3,1
23.71503,92.7421,1096.6,29.2,66.4,19.2,51.0,91.3,133.5,193.1,268.9,99.8,0.757,17.6,86.0,34.8,315.2,0.697,156.4,1
23.77159,92.80511,1233.6,42.5,267.7,1.2,5.7,8.6,11.0,15.2,40.8,11.9,0.183,23.4,66.7,97.8,375.5,0.744,462.5,0
23.73356,92.7422,1020.7,28.9,253.9,5.3,7.1,12.0,21.6,33.0,48.5,17.3,0.424,20.0,84.7,82.5,450.2,0.643,1297.3,0
11.59107,76.10199,856.7,45.3,196.6,15.7,82.1,90.9,151.9,254.1,404.8,136.8,0.819,20.8,80.2,105.9,194.4,0.868,1280.7,1
10.12927,77.10019,1463.3,44.6,296.3,2.5,14.8,32.9,41.4,64.9,97.3,34.2,0.502,21.7,80.7,82.2,217.5,0.922,516.4,0
26.10238,91.84894,30.0,17.7,344.0,0.1,0.3,0.5,0.6,7.7,32.3,7.4,0.203,26.6,49.6,68.1,321.2,0.568,1473.0,0
26.03665,91.8227,255.6,15.8,107.1,0.3,1.2,1.6,2.1,13.2,15.6,4.9,0.172,29.3,69.0,33.4,432.4,0.537,322.6,0
25.98606,91.83255,127.7,24.4,144.9,5.7,19.0,30.9,34.6,52.1,58.9,23.9,0.333,25.6,60.9,33.0,330.3,0.73,1047.7,0
26.14035,91.72734,136.6,28.2,56.4,0.6,4.9,6.5,9.1,15.8,29.2,9.2,0.158,21.8,69.2,70.6,929.0,0.295,213.5,0
25.30493,91.56429,1179.7,39.5,17.9,1.7,4.3,6.5,10.7,27.2,31.5,11.2,0.19,24.0,52.4,80.0,333.6,0.757,445.2,0
25.25454,91.76217,1334.9,26.6,225.4,18.5,69.9,190.5,226.3,292.4,371.7,148.8,0.98,21.1,82.8,156.3,340.7,0.787,1880.7,1
25.53776,91.88027,1614.8,29.8,67.5,9.1,33.7,65.2,99.7,164.4,251.6,86.7,0.547,12.9,96.0,600.9,716.5,0.528,4395.2,0
25.53654,91.9563,1463.2,26.4,296.2,1.3,3.4,6.6,9.8,14.9,33.3,10.1,0.238,20.0,54.8,47.4,367.1,0.67,143.5,0
25.60162,91.9163,1281.2,36.8,250.6,0.1,0.6,1.4,2.0,14.4,39.7,9.8,0.172,18.6,58.9,200.9,249.3,0.852,435.3,0
25.63341,91.90475,1406.4,21.6,29.6,10.0,19.3,27.9,47.1,57.3,86.4,32.4,0.597,19.2,85.5,92.0,616.3,0.736,1119.5,1
23.71499,92.73191,1199.5,37.5,230.2,3.1,6.6,13.0,19.0,30.1,41.4,15.1,0.465,20.0,93.3,115.9,334.6,1.0,619.6,0
23.70205,92.65725,1097.4,47.3,25.6,0.1,0.2,0.3,0.3,1.4,19.3,4.1,0.107,20.0,47.7,76.2,247.8,0.919,788.3,0
23.72522,92.73343,1024.0,44.0,156.7,29.8,45.1,110.0,165.7,269.5,312.3,122.6,0.79,13.9,80.2,38.9,724.4,0.763,511.9,0
23.8723,92.78714,1168.0,31.7,90.6,9.7,41.8,65.7,80.0,142.9,222.4,74.8,0.608,17.7,87.4,390.1,275.9,0.862,242.1,1
23.80667,92.71459,1050.1,37.1,225.3,3.2,20.7,35.7,59.0,95.0,111.6,43.6,0.523,15.0,97.1,57.7,449.0,0.675,1989.1,0
11.58869,76.08283,937.9,36.7,335.0,24.7,53.8,62.0,104.9,136.8,179.3,70.5,0.704,15.1,96.2,297.2,249.0,0.887,142.0,1
10.1324,77.11655,1402.9,44.2,131.0,1.4,3.1,4.0,5.9,17.3,44.1,11.7,0.149,23.4,51.4,18.2,543.1,0.817,1231.3,0
26.10252,91.79837,100.0,21.4,204.9,45.3,110.2,206.6,287.2,425.8,498.8,199.8,0.98,24.2,90.6,57.0,120.5,0.515,101.9,1
26.0244,91.80762,145.8,18.3,221.1,1.2,7.8,12.9,21.8,38.3,45.8,17.4,0.471,18.2,95.2,39.5,1072.3,0.456,42.5,1
26.07256,91.86003,177.4,30.4,132.8,0.9,1.3,3.2,4.0,10.3,32.8,8.4,0.164,21.6,73.5,84.1,348.3,0.739,71.3,0
26.11788,91.80421,123.4,18.3,188.8,0.5,3.9,5.2,8.0,24.0,49.7,14.0,0.177,30.1,49.4,114.2,475.1,0.392,1151.5,0
25.28873,91.58695,1150.9,36.3,185.6,19.9,54.9,73.6,123.4,195.9,241.4,92.5,0.669,21.2,92.8,28.9,163.6,0.821,1033.3,1
25.29595,91.6677,1684.4,41.6,170.1,0.6,2.1,3.4,5.7,11.7,34.2,9.1,0.181,18.6,73.8,85.8,483.3,0.897,737.9,0
25.61222,91.87618,1454.3,34.6,47.1,6.7,17.1,51.0,67.1,106.5,142.1,52.5,0.601,17.2,90.7,97.8,559.9,0.559,705.9,0
25.53084,91.86629,1411.1,24.8,341.6,1.0,4.2,7.7,11.0,13.6,21.5,7.9,0.385,18.3,89.1,22.1,708.0,0.591,1657.3,0
25.62477,91.91909,1220.6,29.0,182.4,2.3,4.2,6.4,8.6,25.6,39.8,12.2,0.192,24.1,48.9,162.7,322.8,0.8,313.3,0
25.57842,91.85165,1669.3,30.1,48.4,2.7,3.7,5.9,9.3,19.4,22.0,8.2,0.23,20.9,56.1,40.4,556.0,0.681,676.3,0
23.73569,92.74949,978.7,53.2,36.1,0.3,2.0,3.7,4.7,15.0,35.8,9.6,0.192,22.1,69.6,24.7,510.2,1.0,90.5,1
23.71473,92.69573,992.1,42.6,212.0,2.2,4.5,7.9,10.7,19.0,44.2,12.9,0.137,19.3,71.7,166.7,162.0,0.946,64.5,0
23.7026,92.76543,1216.8,43.2,116.9,6.4,47.5,71.4,90.1,120.6,152.6,60.6,0.543,22.4,97.4,26.6,434.3,0.695,20.0,1
23.82026,92.73893,1201.7,40.9,326.1,0.5,2.0,2.8,4.3,5.0,33.3,8.0,0.236,25.5,64.8,55.2,384.5,0.724,1656.1,0
23.67852,92.69735,1054.5,32.3,140.2,7.2,27.2,39.5,51.2,75.6,106.3,39.1,0.568,22.6,95.8,60.3,443.5,0.742,679.8,0
11.59588,76.1646,948.7,38.2,251.5,38.3,67.9,115.1,164.0,218.6,305.0,115.7,0.8,18.3,95.8,75.2,184.2,0.855,1238.0,1
10.09269,77.05653,1419.0,42.9,25.8,0.1,0.2,0.2,0.3,14.5,29.2,7.3,0.149,20.8,47.8,36.9,359.3,0.759,2413.7,0
26.08885,91.77242,70.2,17.3,112.0,5.3,27.9,71.9,96.3,161.9,258.2,87.1,0.675,24.5,96.9,59.6,309.7,0.315,2031.9,1
26.06971,91.84121,79.8,21.2,183.3,31.6,49.9,102.7,130.2,157.3,219.7,85.7,0.685,23.5,81.1,23.6,437.5,0.309,851.1,1
26.05448,91.86772,244.5,32.9,267.0,0.7,2.9,5.6,6.4,18.1,18.5,6.8,0.244,25.9,54.6,57.2,430.8,0.744,20.0,0
26.00827,91.83667,59.1,13.6,293.7,24.6,84.4,109.0,178.2,253.5,363.9,133.8,0.828,24.7,88.1,212.5,624.2,0.321,1618.7,1
25.25543,91.56468,1143.9,33.3,355.0,3.0,15.1,17.3,28.5,41.9,56.0,21.1,0.3,24.9,70.6,26.8,226.1,0.869,283.8,0
25.25201,91.76142,1579.0,42.7,90.8,18.2,64.4,89.3,157.0,208.1,284.8,109.2,0.802,17.0,92.5,255.6,231.3,0.875,632.3,1
25.5743,91.91496,1526.5,30.0,241.7,0.2,0.4,0.8,1.0,13.1,17.7,5.0,0.237,22.5,48.8,36.7,820.5,0.5,395.9,0
25.61383,91.85023,1499.1,35.3,329.6,0.1,1.1,1.7,2.6,16.8,36.6,9.5,0.172,16.3,65.0,64.9,407.3,0.638,1176.9,0
25.61679,91.87389,1303.7,26.1,96.1,18.8,51.7,74.1,103.3,125.9,170.9,67.4,0.665,23.3,92.1,9.6,294.6,0.648,712.3,1
25.56221,91.89965,1523.8,25.5,125.3,32.7,87.7,138.6,168.9,235.9,372.4,131.8,0.819,16.3,96.1,60.7,457.8,0.62,480.5,1
23.69095,92.74083,1095.3,46.2,32.4,26.3,44.9,66.4,117.9,158.7,237.2,86.9,0.672,20.0,91.4,38.1,228.2,0.976,532.5,1
23.72322,92.72922,1053.1,44.2,80.6,0.4,1.6,2.0,2.9,11.1,21.6,6.0,0.224,26.5,53.5,38.0,585.1,0.899,974.4,0
23.76571,92.72918,1103.8,38.1,263.2,0.3,0.7,1.2,1.4,1.7,22.2,4.9,0.177,19.3,68.0,27.7,562.6,0.731,219.4,0
23.77222,92.75558,1260.2,21.9,56.7,28.2,51.7,98.3,128.3,215.6,295.9,106.4,0.713,15.3,95.2,87.6,373.4,0.887,20.0,1
23.68064,92.70659,1068.5,36.1,337.4,6.4,27.9,44.0,53.1,71.4,107.7,39.3,0.496,20.5,88.1,134.1,484.4,0.64,209.7,1
11.60466,76.11083,970.3,48.1,101.6,10.7,16.0,23.8,43.0,55.9,80.7,30.3,0.572,20.0,84.6,150.4,264.7,0.92,93.7,1
10.02091,77.05241,1474.4,47.9,69.1,6.3,32.2,49.1,85.8,108.1,144.5,56.9,0.672,18.3,86.8,125.5,323.3,0.803,809.2,1
26.08866,91.81631,160.7,16.8,36.1,0.0,0.0,0.1,0.1,19.7,33.6,8.7,0.182,29.5,59.9,258.2,451.0,0.395,955.0,0
26.09391,91.80219,87.4,5.1,310.2,26.8,65.7,128.9,173.2,245.7,308.1,120.8,0.831,28.0,82.6,75.1,407.7,0.4,598.3,1
26.05696,91.89637,80.5,36.3,305.5,24.7,47.5,71.0,115.2,166.3,265.2,92.7,0.707,25.3,82.1,58.3,325.8,0.756,1541.9,1
26.07817,91.79592,88.3,11.7,248.2,1.3,6.5,14.3,16.0,25.8,29.2,11.6,0.24,31.3,74.9,91.3,508.3,0.369,2711.3,0
25.32869,91.45041,1167.9,37.4,142.9,11.0,65.2,113.6,140.9,227.0,262.9,103.5,0.829,19.2,82.0,170.8,206.6,0.878,1169.9,1
25.23627,91.8202,1550.7,36.2,43.7,1.1,2.8,4.9,6.6,25.5,41.9,12.2,0.223,23.3,65.4,104.7,234.8,0.898,1186.2,0
25.51869,91.8794,1580.0,27.2,291.0,7.7,52.5,69.8,110.3,161.7,192.2,76.7,0.723,15.0,82.7,95.3,924.1,0.68,88.8,1
25.58114,91.91595,1591.8,36.5,149.1,24.2,34.5,69.2,99.7,168.3,251.0,87.0,0.709,15.0,92.6,43.8,704.0,0.613,116.5,1
25.64425,91.92069,1345.6,38.7,337.6,26.8,37.3,71.0,116.0,206.6,240.0,91.9,0.657,20.2,80.7,207.9,212.6,0.663,53.0,1
25.61571,91.87188,1452.8,34.4,334.4,3.4,5.0,9.0,12.6,24.9,43.6,13.7,0.15,14.0,74.6,172.7,495.6,0.513,1271.1,0
23.73531,92.70376,1146.3,40.6,293.3,40.0,79.7,113.0,166.5,205.2,251.5,104.1,0.883,17.7,86.9,79.9,553.6,0.944,683.6,1
23.76434,92.72134,883.1,47.5,41.7,2.4,9.5,20.6,29.4,40.1,63.3,22.6,0.458,17.3,93.1,41.9,309.0,0.895,197.7,0
23.72566,92.69756,1084.8,43.7,324.5,2.3,3.8,6.9,9.2,12.9,17.0,6.5,0.388,18.8,84.6,39.5,302.4,0.891,293.3,1
23.83053,92.70375,1365.8,43.4,59.1,0.9,4.4,12.8,14.3,18.2,42.8,13.2,0.232,16.5,48.9,69.9,258.5,0.784,814.2,0
23.69616,92.74156,1081.3,36.1,276.7,1.4,7.2,19.8,24.2,29.9,46.3,17.1,0.537,17.3,90.5,244.7,693.3,0.601,2472.0,0
11.54262,76.13849,1056.9,44.0,254.4,5.6,16.8,27.8,31.2,34.2,34.8,16.6,0.258,21.7,46.3,49.0,162.7,0.906,147.6,0
10.07042,77.06918,1520.9,47.5,237.5,1.8,19.6,21.6,35.7,53.0,81.7,28.8,0.483,13.1,82.4,52.2,239.2,0.712,3685.6,0
26.03598,91.8039,36.1,15.9,185.6,3.8,7.3,11.1,16.3,27.3,41.4,14.3,0.409,19.5,96.8,59.4,126.5,0.348,809.9,0
26.06115,91.83074,116.2,16.4,211.9,0.1,0.3,0.8,1.0,18.7,38.8,9.8,0.208,24.6,71.4,123.4,474.3,0.507,436.2,0
26.01369,91.89034,188.7,32.6,226.7,0.7,2.5,4.3,5.1,23.8,47.9,13.0,0.19,31.1,70.7,69.0,316.6,0.667,145.5,1
26.08435,91.79159,30.0,16.1,201.7,25.4,49.3,144.3,183.0,246.0,333.9,128.0,0.98,19.7,94.7,154.2,563.2,0.327,723.0,0
25.29912,91.57107,1206.7,37.3,259.9,0.8,3.2,5.9,9.6,20.9,28.2,9.6,0.202,24.7,54.5,40.6,101.2,0.99,736.0,0
25.29998,91.71517,1686.3,38.1,267.6,1.9,4.8,9.6,11.6,21.9,43.1,13.1,0.185,18.6,52.8,141.3,179.3,0.783,115.6,0
25.55804,91.90592,1446.0,29.8,253.8,1.1,1.7,3.0,5.0,7.6,10.3,3.8,0.4,19.3,81.7,42.9,623.4,0.534,922.8,0
25.55533,91.94396,1547.4,32.7,99.0,7.9,40.5,80.1,110.2,150.5,185.0,74.1,0.657,18.7,96.9,50.5,479.3,0.64,1204.9,1
25.63277,91.92567,1268.2,41.5,352.5,1.1,2.2,2.6,4.0,16.5,18.7,6.2,0.236,20.7,47.1,48.9,319.0,0.829,1246.2,0
25.57803,91.8717,1654.1,27.2,161.2,4.8,45.9,52.5,85.4,104.9,134.5,54.5,0.648,18.4,83.8,52.5,564.3,0.665,20.0,0
23.73779,92.6914,1173.2,46.4,188.3,2.3,5.5,9.4,13.0,17.5,18.0,7.9,0.191,17.9,51.2,28.7,251.5,0.979,20.0,0
23.81476,92.63826,985.7,46.0,24.6,2.4,9.4,11.1,18.3,28.0,32.6,13.0,0.468,22.4,91.3,14.2,185.6,0.884,602.1,0
23.74084,92.77338,1016.2,52.0,49.3,0.9,3.4,8.3,9.6,24.4,44.2,13.2,0.179,18.0,74.4,149.7,353.9,0.652,1500.3,0
23.75816,92.67467,1238.6,41.1,260.2,10.8,39.4,86.5,111.5,162.2,247.6,88.0,0.66,19.6,94.8,28.4,241.0,0.626,715.3,1
23.72156,92.73328,904.0,32.9,83.6,1.9,5.6,15.2,18.1,30.4,33.4,13.3,0.282,19.3,68.2,43.8,480.5,0.828,109.8,0
11.57664,76.15624,1039.1,34.3,332.4,12.1,42.9,82.9,105.7,180.0,254.3,90.0,0.694,18.2,84.4,165.0,232.0,0.743,78.5,1
10.07453,77.10082,1419.5,32.6,152.9,3.3,15.6,38.3,46.8,71.6,95.7,35.7,0.537,17.7,92.7,88.2,317.1,0.79,383.6,0
26.02778,91.81985,57.0,27.6,58.2,6.3,33.1,62.3,74.0,127.5,196.0,66.7,0.622,24.1,84.8,122.7,230.6,0.448,149.7,1
26.09976,91.84887,32.4,33.5,168.0,3.9,9.3,15.3,26.6,40.7,51.8,19.8,0.442,22.6,82.0,29.1,446.1,0.505,3432.2,0
26.03965,91.90478,167.4,30.5,349.2,3.7,6.9,12.7,15.1,27.0,36.4,13.0,0.284,32.8,69.7,335.2,359.4,0.722,1094.2,0
26.11295,91.77602,30.0,18.7,332.7,32.8,103.9,218.4,282.9,441.5,600.0,220.7,0.98,21.2,97.8,79.3,481.2,0.205,678.4,1
25.26971,91.61672,998.1,27.3,355.8,11.3,23.6,40.3,59.3,105.0,130.5,48.5,0.492,15.9,85.2,75.6,763.9,0.874,338.6,0
25.29578,91.7064,1481.9,21.9,165.8,6.5,12.7,13.5,22.4,35.3,37.3,15.5,0.25,22.7,66.0,115.1,117.5,0.721,80.0,0
25.60375,91.91609,1432.8,38.4,72.0,1.1,2.5,3.7,4.3,5.6,25.2,6.5,0.189,21.9,61.4,260.1,653.0,0.569,1400.2,0
25.47533,91.89294,1415.0,41.7,28.0,1.3,3.5,8.4,10.4,12.8,17.0,6.8,0.368,13.7,96.4,131.2,329.9,0.581,1104.3,0
25.62964,91.9522,1501.0,37.2,176.2,3.2,7.7,11.3,15.0,22.8,36.1,12.5,0.455,15.6,82.3,46.5,322.1,0.821,495.6,0
25.54319,91.88855,1487.6,13.5,207.6,0.1,0.6,0.9,1.3,9.1,21.2,5.4,0.164,22.4,65.7,98.3,591.1,0.61,2320.3,0
23.76199,92.67342,995.5,53.3,186.3,1.0,3.4,7.7,10.5,10.9,20.4,7.3,0.16,18.3,74.4,47.0,266.2,0.953,95.1,0
23.73174,92.71895,888.3,37.6,284.8,10.4,27.9,58.4,94.5,139.9,187.7,70.4,0.518,16.9,93.7,379.3,375.6,0.857,220.0,1
23.73906,92.72761,1174.4,52.0,254.0,0.5,1.7,2.4,3.5,7.7,18.9,5.3,0.174,21.4,69.9,175.4,337.2,0.706,176.8,0
23.77482,92.75571,1190.7,44.6,48.3,49.9,150.0,220.0,315.3,450.0,520.8,212.2,0.98,19.4,86.8,338.6,344.2,0.664,2462.5,1
23.70388,92.74077,1026.5,45.3,155.8,56.5,150.0,208.8,320.0,450.0,600.0,229.0,0.98,18.0,94.9,340.2,448.8,0.591,2685.5,1
11.51105,76.0564,799.1,46.6,193.3,0.1,0.3,0.4,0.5,13.0,21.9,5.8,0.165,27.3,54.2,85.8,93.0,0.85,835.4,0
10.05339,77.06184,1597.3,48.6,282.6,13.1,59.7,108.1,131.7,188.5,282.8,101.7,0.72,16.9,90.5,23.2,723.1,0.815,85.1,1
26.08865,91.78269,30.0,18.9,36.4,5.9,13.5,16.4,24.7,29.9,36.2,15.2,0.296,27.8,64.2,84.2,203.2,0.479,81.2,1
26.04014,91.89305,256.5,34.1,99.9,10.3,33.3,59.4,81.4,143.3,214.9,73.6,0.588,20.3,81.8,117.2,533.7,0.501,1747.6,0
26.06141,91.89334,256.4,35.4,260.3,14.2,61.1,84.2,116.6,191.6,262.6,95.0,0.789,25.6,83.9,117.4,529.6,0.775,364.2,1
26.1636,91.74847,30.0,14.9,59.6,15.1,35.5,74.3,116.8,172.1,220.4,84.7,0.731,19.7,80.1,122.0,636.8,0.453,1199.3,0
25.24455,91.51206,1159.7,34.4,115.7,19.1,30.5,74.8,114.8,189.7,243.3,90.6,0.719,20.1,84.4,129.4,291.6,0.967,284.8,1
25.2988,91.73145,1520.7,28.8,245.8,15.0,48.5,75.3,98.2,154.1,187.6,72.6,0.644,14.1,84.7,142.4,301.8,0.89,369.9,1
25.55305,91.88735,1545.5,26.5,44.0,0.8,1.4,4.0,5.0,7.8,9.6,3.7,0.512,21.2,82.2,32.0,609.5,0.604,209.5,0
25.62577,91.92588,1518.8,42.8,342.3,18.4,43.7,66.9,110.4,191.7,241.9,89.6,0.687,16.1,83.2,57.2,324.3,0.634,45.8,1
25.63202,91.91588,1256.5,43.4,117.1,10.0,23.9,39.9,63.0,112.4,142.4,52.3,0.577,15.6,94.8,78.7,332.4,0.761,1197.8,1
25.58291,91.85561,1644.5,29.0,74.3,0.6,2.7,6.0,8.4,14.0,16.4,6.4,0.419,17.4,86.5,62.7,438.7,0.595,1498.7,0
23.74124,92.70562,1096.3,53.2,250.7,37.2,114.4,128.4,220.4,327.0,486.5,174.1,0.956,16.3,87.1,74.6,1042.5,0.969,110.5,1
23.72743,92.69241,872.2,55.2,76.9,21.0,112.8,131.1,235.3,335.4,402.4,161.1,0.936,17.9,86.7,53.2,203.6,0.95,292.4,1
23.76319,92.76424,976.6,36.3,53.9,1.7,8.3,15.1,21.2,31.7,47.9,17.0,0.566,16.7,86.2,55.1,425.1,0.73,249.2,1
23.81307,92.74948,1269.5,38.4,307.1,14.2,38.3,65.0,85.1,147.1,193.8,70.5,0.713,15.1,92.0,78.3,214.5,0.809,531.5,1
23.73966,92.6673,1038.7,30.0,60.3,0.4,2.1,4.1,4.7,22.4,22.8,7.7,0.28,21.5,46.2,175.6,689.1,0.695,684.2,0
11.57044,76.14733,976.5,39.3,348.4,0.3,0.6,0.9,1.2,13.5,15.2,4.6,0.228,22.8,51.4,79.5,510.7,0.727,421.4,0
10.05512,77.10106,1555.3,45.1,192.1,13.5,47.9,62.5,109.7,166.6,259.2,90.4,0.664,19.2,92.3,30.5,227.6,0.872,1092.1,1
26.04149,91.80299,82.0,17.0,42.8,28.3,80.3,121.2,148.1,208.2,332.9,117.0,0.746,23.0,81.1,66.7,203.3,0.511,266.4,1
26.10954,91.81888,45.2,22.9,184.1,10.8,58.8,135.2,164.9,209.6,270.3,108.0,0.841,22.4,95.0,19.5,729.9,0.62,2277.5,1
26.14387,91.85688,225.8,39.2,292.3,14.2,31.1,34.4,57.6,75.3,105.8,40.2,0.611,23.2,83.3,270.5,432.7,0.761,372.8,0
26.14664,91.81648,91.7,22.4,197.6,3.7,13.9,27.4,42.7,60.4,80.9,30.7,0.522,22.8,88.0,140.5,663.8,0.559,508.1,0
25.36307,91.54822,1018.1,40.0,353.3,45.8,97.9,166.2,280.7,399.3,585.9,213.3,0.98,17.0,90.4,68.3,112.2,0.938,2124.5,1
25.24219,91.72395,1494.8,35.9,96.7,28.5,95.9,132.2,179.2,303.0,437.5,153.6,0.728,15.1,88.7,126.8,148.7,0.807,20.0,1
25.52792,91.88385,1459.4,22.1,38.3,4.1,14.2,31.5,45.0,54.2,60.4,26.5,0.292,19.2,68.2,111.7,701.2,0.662,2747.1,0
25.55346,91.90994,1469.3,24.0,209.4,16.0,20.6,49.4,66.1,81.1,95.6,40.5,0.522,14.7,80.4,35.1,444.8,0.66,959.5,1
25.60445,91.94884,1421.2,28.8,235.4,1.4,15.7,17.2,27.8,46.8,55.3,21.3,0.242,20.6,48.4,111.8,623.3,0.921,843.5,0
25.62917,91.83148,1537.5,20.4,213.5,1.4,2.8,5.6,6.8,8.4,11.8,4.6,0.36,21.7,95.0,138.5,644.3,0.609,288.3,0
23.7759,92.80327,998.9,47.5,312.5,0.3,1.7,2.9,4.1,23.8,36.8,10.6,0.154,18.4,56.9,155.9,232.7,0.987,243.1,0
23.74659,92.69958,853.8,40.8,195.1,23.9,49.0,65.1,108.3,142.2,222.9,80.4,0.671,19.1,85.6,97.5,424.5,0.86,279.3,1
23.75002,92.77233,974.4,36.1,257.8,10.3,17.8,46.5,60.5,80.1,107.8,41.7,0.485,20.9,86.9,128.0,716.9,0.678,318.5,0
23.78057,92.70843,1169.2,29.7,98.1,15.9,45.5,82.6,134.6,183.0,218.3,88.9,0.752,17.4,83.4,124.9,239.1,0.742,786.0,1
23.73634,92.71525,943.7,33.5,62.1,45.2,82.2,113.2,191.0,332.4,408.4,153.1,0.814,15.1,88.1,149.9,633.0,0.777,402.5,1
11.56582,76.14267,913.5,45.0,328.2,10.9,64.1,97.2,158.4,241.0,367.8,129.3,0.77,22.8,89.7,244.7,493.0,0.987,396.9,1
10.04188,77.05344,1632.4,42.0,37.2,8.3,19.3,26.9,42.5,68.1,106.8,36.7,0.44,13.6,90.3,34.5,368.2,0.808,752.2,0
26.13101,91.75468,30.0,14.5,291.6,3.3,6.8,11.5,17.4,24.7,44.7,14.9,0.232,28.1,70.6,53.6,141.2,0.443,1246.3,0
26.07474,91.87695,30.0,21.3,146.2,0.1,0.2,0.3,0.3,0.4,19.2,3.9,0.221,33.0,68.6,74.9,641.8,0.555,181.1,0
26.02902,91.87393,352.3,34.3,28.6,5.0,8.9,21.5,29.1,37.9,44.7,18.5,0.492,18.0,96.0,19.5,309.1,0.693,602.4,0
26.08795,91.70238,30.0,15.9,233.7,0.5,0.7,1.4,2.0,2.8,7.0,2.1,0.184,28.4,47.3,317.0,716.8,0.445,1289.5,0
25.28065,91.5616,1060.7,45.4,118.3,18.7,66.9,108.5,177.7,254.7,349.2,130.9,0.887,21.0,87.1,129.6,119.8,0.839,302.3,1
25.29278,91.7768,1589.5,34.1,287.9,16.4,48.0,62.8,110.2,178.9,249.5,89.8,0.583,17.3,90.7,32.2,120.0,0.779,290.8,1
25.61259,91.87575,1516.5,27.9,167.6,0.7,2.2,3.2,4.9,22.4,39.6,11.2,0.121,22.6,46.0,335.9,850.5,0.553,795.8,0
25.53645,91.8733,1350.2,33.0,340.0,9.8,32.7,46.7,70.4,123.7,147.5,56.0,0.648,15.3,84.1,105.5,346.9,0.657,1260.9,1
25.66634,91.92506,1150.9,52.6,334.0,31.2,71.6,108.6,130.4,209.0,306.4,108.3,0.848,17.7,97.8,51.9,211.1,0.768,2408.9,0
25.61256,91.86595,1412.6,15.3,94.6,14.2,27.0,49.2,60.3,98.3,118.8,45.6,0.511,16.5,92.7,139.3,750.7,0.684,26.2,0
23.79328,92.78457,1136.1,45.3,293.1,0.3,1.5,1.9,2.6,17.0,35.4,9.3,0.109,25.0,64.7,89.8,235.7,0.846,3382.8,0
23.79939,92.72053,947.6,53.2,349.9,2.8,8.5,21.0,33.8,45.3,60.7,23.4,0.37,16.1,90.0,32.3,158.0,0.89,410.1,1
23.70564,92.72758,1003.9,32.8,152.3,62.7,138.9,179.4,252.6,428.5,600.0,213.4,0.98,15.2,82.1,34.1,588.2,0.645,716.0,1
23.80258,92.77261,1250.2,38.0,314.0,7.3,41.8,69.9,93.3,159.5,237.4,82.1,0.741,15.4,92.4,72.5,276.8,0.814,678.2,1
23.78822,92.74275,1179.5,44.6,161.8,0.8,2.1,3.6,5.0,8.2,10.8,4.0,0.423,20.2,84.0,40.9,392.4,0.615,198.5,0
11.49349,76.13547,882.2,39.2,272.9,6.5,12.4,18.1,23.0,25.6,44.3,16.0,0.333,22.5,46.6,96.1,143.8,0.818,20.0,0
10.0358,77.09902,1283.8,41.7,358.1,36.3,51.2,93.7,151.6,193.7,305.1,110.7,0.74,20.2,89.0,63.5,227.5,0.89,497.3,1
26.04797,91.78226,97.5,17.2,68.2,37.7,84.7,94.6,162.9,209.5,322.1,117.9,0.749,20.8,89.2,88.1,157.1,0.517,102.1,0
26.1091,91.77432,77.9,24.2,152.9,13.6,36.4,53.6,74.9,120.5,189.5,64.9,0.571,18.3,88.1,167.6,371.0,0.611,332.5,0
26.08926,91.90628,150.1,26.4,343.7,6.7,11.8,32.3,46.5,57.4,91.3,33.3,0.514,25.2,81.6,86.8,493.3,0.773,1156.4,0
26.05881,91.78939,70.8,22.3,204.8,3.6,3.6,8.4,11.9,17.6,25.4,9.2,0.246,27.9,47.5,168.3,577.3,0.323,409.7,0
25.34305,91.60464,1157.9,39.1,327.1,1.2,13.3,16.7,22.5,38.5,42.3,16.8,0.195,20.1,53.7,35.5,330.8,0.926,171.5,0
25.22768,91.80592,1478.7,34.2,89.0,1.0,1.9,3.8,5.1,6.5,7.6,3.2,0.194,14.0,49.1,123.1,852.2,0.791,339.0,0
25.63123,91.88891,1409.1,28.6,100.5,6.9,14.0,25.6,36.1,46.5,56.4,23.2,0.503,17.4,81.7,38.9,855.4,0.401,444.2,1
25.58409,91.92908,1553.4,31.0,287.5,19.8,72.6,121.7,172.6,274.8,381.3,138.3,0.892,15.1,96.3,44.5,369.5,0.6,456.4,1
25.7136,91.93324,1355.1,41.2,53.1,5.9,13.9,32.1,42.6,69.6,108.0,37.1,0.436,15.5,87.0,22.0,205.4,0.944,695.8,1
25.60799,91.94542,1508.1,41.2,255.6,2.1,6.8,11.4,14.4,23.6,36.9,12.6,0.441,13.8,80.9,57.6,433.2,0.534,773.1,0
23.75638,92.77127,1127.2,46.7,25.3,0.9,4.8,7.9,9.6,18.2,44.0,12.5,0.193,20.0,47.8,36.9,260.9,1.0,1248.9,0
23.68332,92.694,1115.7,45.9,126.3,13.7,23.8,38.3,56.0,74.7,107.8,40.2,0.483,21.1,80.5,193.5,211.9,0.991,749.7,0
23.71489,92.79744,1098.7,36.2,274.3,3.3,11.0,27.5,32.9,46.9,54.1,22.1,0.45,17.4,81.9,28.5,434.9,0.66,1564.7,0
23.74034,92.73485,1356.4,46.4,26.3,16.1,48.6,99.4,178.6,316.3,466.9,160.7,0.817,17.8,92.5,47.9,196.5,0.767,589.8,1
23.71532,92.73311,1160.6,40.6,63.6,10.8,40.5,50.2,90.5,112.1,133.9,56.1,0.69,17.3,96.0,47.5,518.1,0.589,458.1,1
11.58527,76.1396,851.7,32.3,69.0,0.0,0.1,0.2,0.2,12.0,18.7,5.0,0.172,23.1,69.7,76.7,716.8,0.977,820.3,0
9.98576,77.11567,1476.4,44.9,347.1,22.4,48.0,116.7,144.2,225.6,259.4,103.3,0.731,19.7,85.8,50.6,359.2,0.984,87.9,0
26.05466,91.75991,119.0,24.5,39.3,0.7,2.7,3.8,5.0,8.2,11.4,4.1,0.495,22.4,93.2,72.4,174.2,0.5,1528.0,0
26.00483,91.84382,203.0,24.2,67.3,26.3,35.7,90.8,131.6,171.7,208.4,85.2,0.722,18.7,89.3,21.5,932.3,0.477,253.2,1
25.99183,91.88469,106.6,41.3,273.2,4.3,31.9,50.4,70.0,98.7,144.9,52.8,0.533,16.8,89.2,95.9,441.8,0.939,197.0,1
26.11941,91.7445,162.0,19.5,61.0,4.8,8.6,15.3,17.9,18.2,21.4,9.7,0.25,23.9,47.1,114.9,496.0,0.461,199.8,0
25.28334,91.61712,1186.0,41.9,27.8,28.6,41.9,80.0,116.4,192.3,289.7,100.5,0.605,18.0,88.3,123.6,99.1,0.813,680.5,1
25.27864,91.67569,1451.6,32.1,206.3,0.4,1.0,1.8,2.7,10.8,31.8,8.0,0.191,24.1,49.1,96.6,258.6,0.863,329.5,0
25.61149,91.90703,1585.2,34.3,253.7,15.1,85.9,137.3,165.7,295.9,465.3,155.8,0.871,16.9,83.2,143.3,879.0,0.458,2047.5,1
25.54862,91.91296,1473.6,40.9,294.2,1.0,1.2,2.2,3.5,12.2,37.0,9.3,0.243,20.8,66.9,38.8,766.0,0.65,439.0,0
25.57218,91.89027,1235.2,33.9,176.0,2.3,4.1,6.8,8.4,21.8,35.3,10.9,0.187,20.5,70.8,128.3,232.2,0.816,957.1,1
25.62679,91.90215,1528.9,36.0,55.9,6.6,20.4,27.1,45.7,59.9,74.4,30.0,0.476,15.1,87.1,119.9,496.4,0.609,114.5,1
23.77741,92.7712,1008.3,53.0,106.9,1.9,3.7,7.9,9.7,16.3,24.5,8.5,0.363,17.3,88.9,201.0,251.7,0.946,2323.4,0
23.80496,92.7514,1030.7,54.1,151.9,2.9,6.4,7.5,11.9,13.0,37.1,11.1,0.241,17.9,58.3,11.8,156.2,0.931,432.0,0
23.7956,92.72107,1152.3,34.6,145.8,1.5,9.8,23.6,27.8,34.6,37.4,16.5,0.302,21.5,59.8,38.5,462.2,0.817,524.2,1
23.81603,92.67561,1167.7,47.2,279.2,0.4,4.5,5.3,8.5,10.8,29.0,8.6,0.154,25.1,72.0,87.0,214.9,0.713,96.0,1
23.66149,92.68151,975.5,46.6,219.6,0.3,2.5,3.7,5.0,7.7,9.3,3.6,0.429,18.6,91.4,41.2,391.3,0.502,421.2,0
11.55012,76.07894,737.9,35.1,125.1,21.9,43.2,84.3,112.8,158.5,205.2,79.5,0.627,18.9,95.0,69.3,166.7,0.879,481.4,0
10.12305,77.07626,1335.6,41.8,70.2,21.9,31.5,49.8,87.6,150.0,239.5,80.4,0.548,18.4,91.3,216.4,215.5,0.845,924.0,0
26.08915,91.77,87.3,31.1,27.9,0.2,0.8,1.2,1.5,9.1,10.5,3.3,0.195,27.1,48.2,66.9,151.0,0.35,373.6,0
26.03612,91.87032,122.0,14.9,270.6,0.2,1.3,2.7,4.0,17.8,45.0,11.6,0.213,24.6,46.9,48.0,643.8,0.53,237.8,0
26.01597,91.82819,100.6,16.5,185.4,21.2,61.4,127.3,150.7,186.3,255.2,99.8,0.75,22.7,91.0,36.9,583.1,0.654,725.1,1
26.06273,91.75775,111.5,11.2,215.9,16.8,30.8,58.3,69.0,106.5,143.6,53.2,0.464,19.1,87.2,109.1,683.2,0.411,1669.9,0
25.25916,91.56354,1030.3,46.5,94.7,7.0,11.2,20.7,31.8,56.9,78.9,27.8,0.461,17.4,88.7,28.5,178.1,1.0,239.1,0
25.25564,91.74228,1502.9,27.8,358.1,1.4,4.5,7.1,8.1,27.9,39.8,12.4,0.19,19.9,53.2,146.9,397.5,0.833,970.4,0
25.6372,91.90236,1467.9,35.0,243.8,2.1,2.9,5.5,7.7,23.2,38.0,11.5,0.193,23.5,56.1,187.7,643.6,0.434,364.1,0
25.56802,91.88281,1547.9,36.5,66.4,14.3,68.6,80.1,144.2,196.2,258.8,100.2,0.841,16.7,91.5,62.8,373.2,0.796,2014.8,1
25.66583,91.92006,1245.4,37.1,174.3,15.5,54.8,78.9,133.4,203.2,247.0,96.4,0.835,19.7,87.0,63.2,502.7,0.815,122.8,1
25.59332,91.89495,1607.5,20.6,188.9,25.4,36.6,79.7,122.0,202.1,319.2,108.4,0.692,19.4,83.4,166.7,570.7,0.516,208.6,1
23.73423,92.69613,1057.1,45.4,358.0,10.9,40.8,60.4,90.6,122.6,163.0,63.0,0.688,20.0,89.6,96.4,884.5,0.892,1902.5,0
23.76642,92.71813,882.5,44.2,219.5,12.0,41.3,64.7,77.9,138.9,167.5,63.0,0.521,20.3,89.7,11.5,159.6,0.827,1418.0,0
23.78315,92.72973,1121.3,46.7,153.9,8.5,19.8,29.7,37.0,57.5,76.8,28.5,0.547,18.2,85.4,35.9,322.8,0.742,490.5,1
23.80303,92.72817,1082.4,41.7,352.0,14.6,43.7,131.1,162.2,279.2,380.4,136.4,0.872,21.5,93.3,39.6,182.6,0.754,458.9,1
23.72528,92.74651,996.0,45.4,266.3,0.7,2.3,4.5,5.9,8.6,10.6,4.2,0.35,19.2,97.5,64.6,750.6,0.598,824.6,0
11.53125,76.07439,907.6,40.7,47.2,16.7,45.3,70.4,113.2,175.9,237.4,87.7,0.662,13.8,80.3,94.1,151.3,0.816,20.0,1
10.06331,77.00633,1361.5,42.1,249.3,14.8,47.7,66.8,105.8,153.1,224.9,81.5,0.703,17.5,93.3,78.5,536.6,0.916,167.1,1
26.13417,91.81614,30.0,21.3,213.7,14.7,62.9,85.1,121.5,192.9,240.0,91.6,0.67,24.6,83.8,84.6,177.4,0.431,185.2,1
26.02997,91.86936,124.0,12.1,41.2,0.6,0.9,1.3,2.2,16.9,34.8,9.1,0.136,22.8,47.2,237.0,452.2,0.43,373.7,0
26.02701,91.8788,104.3,26.7,211.0,0.3,2.0,3.3,5.0,18.1,18.9,6.6,0.131,26.8,53.3,79.1,298.3,0.606,2433.3,0
26.09705,91.7993,144.5,16.8,241.1,20.0,45.4,61.3,86.3,130.0,165.0,63.3,0.612,23.3,82.3,105.4,420.4,0.632,338.0,1
25.30119,91.56758,1112.8,44.9,72.4,15.3,35.5,47.5,67.5,106.5,142.5,52.7,0.649,17.0,87.8,114.5,167.2,0.893,1244.2,1
25.27875,91.71968,1545.5,28.3,193.1,14.8,72.8,146.9,181.6,291.2,445.2,154.5,0.878,16.1,93.6,134.4,173.8,0.874,1176.6,1
25.60111,91.88323,1637.7,23.0,183.9,25.0,57.6,89.9,119.8,205.2,322.7,109.0,0.581,12.8,87.2,125.6,707.9,0.636,159.6,1
25.52186,91.93377,1479.8,43.2,202.6,8.5,17.4,40.1,53.3,94.7,141.7,48.5,0.526,16.9,80.6,119.2,586.0,0.71,886.5,1
25.6488,91.93359,1189.8,31.3,232.5,38.6,42.3,133.2,161.3,252.5,382.1,133.9,0.757,16.6,95.6,50.9,304.7,0.614,20.0,1
25.64952,91.90603,1548.2,18.2,160.3,27.2,63.6,87.4,154.5,254.2,312.1,118.7,0.784,15.6,95.6,48.1,411.9,0.527,830.6,1
23.71614,92.75194,1140.1,46.5,131.5,7.9,11.7,37.7,45.5,68.8,80.5,32.1,0.61,16.7,87.1,106.7,315.2,0.932,281.4,1
23.75644,92.70135,1002.3,42.5,214.3,8.3,56.6,88.2,126.7,162.4,255.1,92.6,0.736,17.6,84.1,69.8,170.5,1.0,322.1,1
23.71479,92.63702,1114.9,30.4,150.4,0.2,0.4,0.8,1.2,3.4,16.6,3.9,0.177,18.7,64.3,263.1,334.8,0.649,996.8,0
23.8135,92.73484,1265.6,40.6,234.4,0.7,3.0,4.3,5.2,7.5,11.1,4.0,0.155,24.0,46.1,19.9,250.1,0.763,724.0,0
23.69219,92.70956,865.4,46.7,155.2,1.5,5.9,8.0,11.4,14.0,28.2,9.3,0.16,21.1,71.1,64.1,454.6,0.76,4427.7,0
11.57029,76.14541,837.5,43.9,202.5,18.8,40.6,74.7,121.8,152.6,186.2,76.9,0.743,21.6,80.8,53.2,213.3,0.957,872.2,0
10.07032,76.99088,1387.2,47.0,3.5,5.0,12.6,26.8,34.0,56.4,68.3,26.1,0.495,20.2,81.0,71.8,326.3,0.829,1273.0,1
26.06871,91.74121,30.0,17.0,298.8,0.4,1.2,1.5,2.1,4.1,17.9,4.4,0.234,20.3,58.2,46.4,887.3,0.325,4369.0,0
26.1505,91.848,174.5,18.9,97.8,17.8,68.1,132.1,157.3,252.1,331.0,122.9,0.761,21.7,82.3,65.3,509.0,0.556,1665.6,0
26.01915,91.86365,163.5,32.4,286.3,8.9,34.6,48.2,72.8,108.5,144.7,54.3,0.517,24.8,97.3,235.1,562.6,0.742,547.7,0
26.13335,91.80293,163.4,23.0,251.1,1.0,2.2,2.6,3.9,16.5,28.2,8.1,0.175,25.4,51.8,98.5,559.1,0.423,90.8,0
25.26722,91.59953,1057.0,43.2,211.0,0.9,7.8,9.2,13.7,24.8,44.1,14.0,0.198,22.4,73.1,95.6,265.2,1.0,20.0,0
25.27331,91.70175,1419.6,34.9,98.2,24.9,80.8,119.1,192.7,303.2,350.3,138.9,0.96,22.8,96.5,68.4,327.3,0.836,583.7,1
25.51476,91.86585,1585.0,27.5,1.4,11.1,17.9,42.8,53.4,84.8,112.7,41.7,0.571,16.4,83.9,106.6,734.3,0.617,735.0,0
25.57567,91.92378,1472.5,38.0,227.5,10.4,21.8,40.3,65.0,93.6,140.7,50.5,0.545,13.3,82.1,75.3,557.2,0.645,852.2,1
25.67936,91.92299,1175.1,37.8,128.2,12.6,51.9,87.9,113.3,146.3,194.6,76.2,0.573,17.4,85.8,100.8,226.5,0.827,539.1,1
25.60768,91.90306,1532.8,15.7,260.9,6.5,52.5,63.5,114.0,195.9,239.1,90.2,0.7,23.2,88.2,68.3,504.6,0.58,329.4,1
23.77711,92.66158,1150.3,33.6,171.7,0.0,0.1,0.1,0.2,16.6,27.6,7.2,0.215,20.6,64.2,200.8,369.1,1.0,30.7,0
23.78773,92.68695,912.1,45.5,264.9,29.5,55.2,132.9,199.5,250.8,309.9,127.0,0.9,20.1,96.5,72.2,333.4,0.74,316.4,1
23.72906,92.81773,1014.1,35.3,223.5,47.5,90.9,210.5,253.1,404.4,600.0,211.1,0.98,22.0,88.6,38.5,351.8,0.725,937.6,1
23.78767,92.71257,1249.6,27.8,47.0,2.3,5.6,7.7,12.4,25.5,52.8,15.6,0.269,21.1,72.1,41.8,339.2,0.716,562.8,0
23.65906,92.68718,1114.1,41.4,231.7,6.1,14.2,24.1,41.5,51.3,67.1,26.8,0.507,20.5,83.9,153.0,426.1,0.579,639.2,0
11.52426,76.12077,914.5,31.4,316.2,0.8,4.7,6.7,11.9,17.8,22.5,8.7,0.481,18.5,91.4,192.5,707.4,0.943,403.0,0
10.06639,77.06514,1602.7,34.6,45.7,14.9,58.1,138.4,164.8,256.5,387.5,136.1,0.77,15.0,94.1,104.6,381.4,0.985,735.6,1
26.14691,91.82279,111.4,17.3,253.0,0.9,3.2,4.8,5.7,20.3,34.2,10.0,0.124,28.6,71.3,217.2,137.2,0.322,794.9,0
26.0472,91.82749,121.4,16.7,300.4,1.0,3.5,4.2,6.2,11.2,39.3,10.2,0.22,27.0,50.9,22.4,354.0,0.561,249.3,0
26.02461,91.85859,66.7,22.8,39.5,22.4,36.6,103.7,140.9,173.8,248.1,95.2,0.706,19.3,94.7,208.6,531.6,0.799,242.9,1
26.09617,91.80043,135.6,25.4,334.8,20.3,61.7,80.2,127.2,202.4,259.3,97.5,0.806,25.2,82.2,123.6,401.8,0.554,69.4,0
25.29741,91.60684,1112.3,38.2,337.7,7.2,17.1,23.7,42.3,67.3,82.6,31.7,0.457,18.8,92.7,46.2,404.0,0.937,446.5,0
25.30198,91.70132,1491.8,31.7,145.9,17.4,55.8,91.5,138.9,188.1,279.9,102.6,0.705,12.4,87.3,129.8,484.8,0.822,983.0,1
25.64384,91.89622,1453.4,25.1,138.3,3.9,6.9,11.5,18.1,18.5,21.7,9.8,0.278,22.5,46.9,23.7,580.0,0.457,1077.0,0
25.50465,91.91647,1460.1,28.4,81.5,8.3,22.4,30.9,39.0,39.6,69.5,25.7,0.322,19.2,52.6,59.8,475.7,0.524,391.7,0
25.62593,91.88093,1247.1,35.8,75.8,24.5,110.3,182.5,248.0,419.8,516.4,194.8,0.98,16.5,90.5,113.5,253.3,0.726,792.6,1
25.63503,91.91046,1510.6,29.2,99.8,15.4,20.1,55.1,69.4,117.2,165.7,58.8,0.539,18.4,83.1,193.9,513.4,0.615,1867.9,0
23.707,92.7217,1134.3,29.0,217.5,25.9,64.1,79.1,133.0,195.1,239.9,94.1,0.658,15.8,96.3,39.0,271.7,0.986,1051.3,1
23.76982,92.69449,1024.2,35.3,202.9,12.6,56.7,176.4,214.6,369.9,501.7,180.3,0.953,17.7,85.8,53.4,322.1,1.0,1181.1,1
23.70396,92.68806,1015.9,34.0,177.7,2.2,2.4,6.5,9.3,15.9,22.5,7.9,0.358,16.9,92.2,199.2,306.3,0.577,65.8,0
23.75304,92.70436,1192.6,37.3,47.0,0.2,0.6,1.4,1.6,16.7,40.4,10.1,0.124,20.2,62.3,153.2,406.2,0.715,20.0,0
23.66567,92.71228,930.3,36.5,14.1,19.4,82.5,212.6,252.5,360.6,506.5,187.9,0.959,21.5,92.4,57.9,407.8,0.72,242.2,1
11.53631,76.1017,933.6,39.8,153.4,3.3,5.4,10.5,16.3,25.4,31.9,12.2,0.35,22.3,80.6,76.2,468.0,0.799,45.5,0
10.04746,77.0452,1484.8,47.8,110.0,12.8,35.4,54.6,81.8,145.4,204.7,71.8,0.684,21.2,93.4,200.3,210.7,0.865,20.0,1
26.08177,91.73884,30.0,19.6,136.8,7.2,25.8,44.8,66.5,89.2,136.1,49.4,0.546,22.2,94.8,54.0,197.6,0.439,1178.5,0
26.06071,91.79493,41.7,24.7,345.6,7.8,19.7,24.2,36.4,50.4,58.7,24.1,0.45,22.4,82.8,116.6,355.7,0.408,354.8,0
26.08028,91.84763,162.3,35.8,18.4,0.0,0.1,0.2,0.2,16.6,27.9,7.3,0.252,19.6,63.9,233.5,324.5,0.623,202.8,0
26.14017,91.81141,139.4,22.7,231.2,11.4,44.5,124.1,151.9,272.3,348.5,127.3,0.678,21.4,92.8,135.8,852.7,0.307,2508.7,0
25.22778,91.5987,1262.4,35.4,103.6,28.4,41.8,113.2,158.8,192.2,288.3,108.6,0.78,12.7,94.4,28.8,110.9,0.789,278.3,0
25.25167,91.72356,1403.4,38.2,298.8,0.4,1.2,2.0,2.7,20.5,31.9,9.0,0.158,20.9,67.4,243.0,467.2,0.919,34.5,0
25.47975,91.86687,1508.7,31.4,40.5,30.1,48.8,72.0,123.9,207.0,303.1,106.1,0.75,16.2,97.6,77.3,675.1,0.656,459.7,1
25.50237,91.90308,1495.5,32.5,216.6,15.4,31.7,44.5,71.9,104.4,157.7,56.4,0.51,12.4,84.8,39.6,580.4,0.679,671.7,0
25.61483,91.91024,1276.6,33.8,285.0,1.4,3.9,8.3,11.6,28.3,38.7,12.9,0.226,22.6,61.2,20.9,254.3,0.882,191.2,1
25.61008,91.83041,1411.1,26.1,83.1,5.8,30.2,34.1,58.5,71.5,101.7,39.2,0.58,17.3,97.1,130.9,554.1,0.465,908.4,1
23.67838,92.70151,1146.3,46.3,284.1,1.3,5.1,6.4,9.4,12.7,33.9,9.9,0.246,23.1,73.9,173.7,229.3,1.0,2189.1,0
23.79267,92.71943,1051.1,43.0,140.4,7.6,69.0,96.9,125.7,157.4,182.5,77.4,0.632,17.3,94.2,215.6,287.2,1.0,113.0,1
23.75837,92.75916,1191.1,32.2,137.3,5.4,14.1,17.1,26.3,30.5,46.5,17.6,0.286,18.7,53.7,147.4,547.6,0.594,899.4,0
23.77475,92.72137,1282.3,41.8,304.1,6.6,29.5,49.3,65.6,91.1,133.5,48.9,0.538,16.8,92.3,61.5,418.9,0.729,1429.8,0
23.72006,92.64262,1110.2,28.5,14.8,9.5,22.0,31.9,40.8,71.2,89.4,33.2,0.518,18.7,83.4,106.1,595.8,0.666,2752.6,0
11.5723,76.14721,971.5,26.1,268.9,17.6,26.7,48.8,88.0,127.7,185.1,67.4,0.662,21.2,87.8,64.8,461.6,0.881,319.3,1
10.09157,77.05583,1391.3,49.8,340.7,14.9,43.6,112.7,173.6,247.8,390.4,137.6,0.809,14.2,80.5,127.4,580.0,0.787,88.1,1
26.03422,91.79447,105.3,12.8,88.3,10.6,36.4,78.0,106.2,138.4,184.8,72.0,0.749,14.5,97.5,48.7,572.3,0.352,1158.6,0
26.00825,91.75196,60.0,17.7,178.6,0.8,2.0,3.2,3.9,15.2,27.2,7.7,0.197,27.0,66.9,43.8,516.3,0.431,1416.8,0
26.02139,91.84014,88.8,36.9,214.9,11.5,34.9,58.0,81.7,144.1,212.7,73.3,0.71,20.6,89.0,180.7,339.4,0.734,98.8,1
26.06206,91.77329,41.4,27.3,138.3,2.9,24.8,34.1,45.3,74.9,94.4,35.4,0.499,22.1,95.1,74.9,579.3,0.297,1973.3,0
25.29449,91.61051,1053.7,27.2,293.6,10.4,18.0,37.7,45.6,64.4,95.0,34.6,0.441,22.0,82.7,81.2,120.8,0.843,49.4,0
25.26616,91.73917,1492.0,38.6,234.2,0.3,0.8,1.5,2.0,18.0,31.8,8.6,0.218,21.3,62.2,35.8,230.7,0.738,456.0,0
25.58501,91.84907,1376.8,32.7,160.7,1.1,2.1,3.6,5.0,7.9,10.6,3.9,0.436,15.7,97.3,123.0,699.6,0.626,314.4,0
25.62183,91.87087,1602.2,25.1,220.8,0.0,0.1,0.2,0.3,13.3,28.8,7.1,0.145,20.6,49.8,58.6,345.4,0.745,541.6,0
25.59112,91.95735,1354.3,42.0,327.0,22.1,93.8,131.5,170.9,302.8,370.5,138.6,0.828,16.1,85.4,111.1,217.0,0.765,515.1,1
25.62,91.82766,1454.7,24.2,157.0,2.1,5.7,8.8,9.8,22.9,38.5,12.0,0.15,25.5,74.6,132.7,461.6,0.499,537.4,0
23.72021,92.68697,1140.0,45.3,319.9,23.8,50.8,87.5,144.7,201.8,236.5,96.4,0.694,18.5,94.7,62.0,570.4,0.997,361.2,1
23.83106,92.70785,1018.6,34.6,52.4,37.0,57.6,120.9,153.7,197.5,299.4,110.4,0.806,20.4,96.3,24.6,247.1,1.0,1076.5,1
23.81431,92.72083,1094.4,34.7,217.9,0.6,3.8,6.8,12.1,20.1,24.4,9.3,0.571,19.2,84.1,35.7,448.2,0.772,1590.0,0
23.81586,92.67285,1352.8,45.1,152.4,5.7,33.5,48.1,67.2,120.3,177.2,60.9,0.558,15.6,89.3,161.1,376.0,0.866,534.2,1
23.67474,92.68705,986.9,29.4,21.0,0.4,1.2,2.5,3.4,13.7,19.9,6.0,0.177,27.2,56.2,95.4,494.7,0.709,161.5,0
11.57082,76.16595,881.8,41.6,163.9,16.3,52.2,106.1,144.1,238.9,353.7,123.5,0.883,21.7,80.9,58.6,242.6,1.0,976.4,1
10.0899,77.09152,1460.4,42.2,303.3,21.7,33.4,68.1,102.9,169.5,232.2,84.0,0.582,16.0,97.5,25.1,404.2,0.771,448.0,1
26.06147,91.85961,30.0,27.0,116.3,2.2,4.7,7.5,11.4,25.6,28.3,10.5,0.237,25.6,57.0,81.2,302.4,0.412,403.2,0
26.0214,91.8362,113.7,14.6,246.1,9.2,23.2,46.7,78.7,102.4,119.9,50.0,0.655,21.9,92.6,150.9,585.2,0.573,1908.7,0
26.07144,91.8771,198.3,29.6,245.4,3.4,11.2,14.3,23.6,30.3,32.1,14.2,0.312,25.6,51.2,75.0,314.2,0.752,58.0,0
26.06825,91.85691,87.4,28.2,301.9,0.3,0.7,0.9,1.4,18.5,45.7,11.3,0.167,26.6,67.3,140.3,570.3,0.425,1876.3,0
25.25914,91.52942,1125.5,39.5,254.2,0.7,6.4,8.0,11.6,20.6,29.9,10.4,0.199,17.3,56.4,105.3,336.6,0.822,715.1,0
25.24591,91.73245,1422.7,42.2,155.7,27.4,61.1,93.9,129.1,196.7,264.0,98.3,0.734,17.4,84.6,50.9,251.8,0.885,450.8,1
25.59053,91.92797,1512.1,25.2,130.3,2.4,6.9,14.6,19.8,27.0,47.4,16.2,0.242,21.9,46.9,194.3,555.8,0.611,2399.8,0
25.57369,91.90448,1322.9,29.6,344.8,1.0,5.6,8.9,10.8,19.3,47.1,13.5,0.193,20.0,46.9,147.0,465.8,0.59,328.8,0
25.58386,91.91963,1250.9,40.4,185.4,0.1,0.2,0.2,0.4,2.8,28.9,6.1,0.196,21.5,47.5,90.5,727.5,0.798,118.7,0
25.61644,91.9233,1594.2,28.1,297.8,0.8,4.0,5.7,7.6,13.5,37.6,10.4,0.254,21.8,50.0,118.8,452.0,0.563,2115.5,0
23.78471,92.75131,1139.4,44.5,306.3,3.4,12.7,29.8,40.5,54.6,84.3,30.4,0.519,18.5,86.1,37.1,343.8,1.0,232.9,1
23.80423,92.71276,1085.9,43.2,108.1,0.4,3.3,4.2,5.5,18.1,38.3,10.6,0.202,26.3,71.1,49.2,310.5,0.841,902.0,0
23.72915,92.72894,1124.6,46.6,219.9,22.4,56.8,129.8,161.4,240.5,366.7,129.7,0.807,19.1,89.2,81.2,336.4,0.664,668.6,1
23.78821,92.73691,1257.2,46.4,32.9,0.3,2.0,4.1,5.0,8.2,9.7,3.7,0.359,19.6,96.1,17.7,431.1,0.661,650.2,0
23.70384,92.74595,1099.7,49.2,115.8,3.8,7.2,11.3,17.6,25.7,30.3,12.1,0.451,19.7,93.2,115.3,555.3,0.652,1376.6,1
11.53846,76.12319,921.2,41.8,288.4,20.7,46.2,141.8,177.3,303.2,435.0,152.8,0.752,17.4,93.6,138.7,455.6,0.863,817.4,1
10.11402,77.10678,1437.2,47.3,234.3,12.2,29.0,67.8,115.7,190.9,238.7,90.0,0.723,19.6,85.8,44.1,334.4,0.793,42.4,1
26.1235,91.78316,60.6,20.1,298.8,0.2,0.7,0.8,1.2,7.0,16.2,4.2,0.181,26.1,54.2,83.1,308.2,0.497,459.1,0
26.07017,91.81231,103.4,18.9,347.4,22.2,65.4,96.6,120.8,164.5,220.9,84.8,0.674,25.8,85.6,124.7,618.0,0.504,614.8,1
26.05596,91.85615,233.0,27.5,126.9,1.4,3.5,5.8,10.5,18.1,28.0,9.5,0.383,19.9,89.9,94.7,753.9,0.714,349.0,0
26.10022,91.8161,30.0,19.2,49.2,25.3,58.1,162.1,200.5,314.5,411.9,153.9,0.903,20.7,96.6,132.6,934.5,0.416,1859.8,1
25.25923,91.58791,1238.1,33.6,274.0,1.1,4.6,9.1,10.9,30.0,32.3,11.6,0.245,16.1,51.8,81.4,224.7,0.929,20.0,0
25.28267,91.68722,1418.5,24.1,203.6,0.1,0.1,0.2,0.2,15.4,27.1,7.0,0.155,25.5,72.0,45.6,161.9,0.698,415.2,0
25.59091,91.90064,1391.4,35.3,147.1,17.2,42.3,60.7,89.1,112.8,143.3,57.8,0.587,17.1,88.3,57.4,652.8,0.463,4626.9,1
25.51299,91.92625,1467.4,24.6,200.9,7.2,20.2,28.9,42.4,64.9,76.4,30.3,0.538,13.0,90.7,140.1,425.8,0.793,464.1,0
25.6426,91.92249,1251.7,42.2,181.5,0.9,4.3,5.4,8.0,22.6,41.0,12.1,0.21,24.6,68.8,31.7,278.1,0.887,654.1,0
25.63583,91.92483,1499.9,26.2,259.4,0.2,0.7,1.2,1.7,6.2,30.4,7.0,0.223,26.9,51.8,235.2,441.8,0.456,246.0,0
23.76702,92.75799,1124.7,38.5,347.6,7.5,52.7,73.0,123.0,203.5,254.0,95.8,0.597,16.9,93.0,50.4,351.2,0.993,21.6,1
23.76838,92.66849,891.3,43.3,39.8,19.8,26.6,76.9,98.8,164.4,238.8,84.0,0.642,14.4,82.0,61.0,191.9,0.82,170.6,1
23.73929,92.7421,1153.4,44.0,226.2,0.2,1.2,1.4,2.0,2.4,6.8,2.0,0.1,23.3,74.9,95.3,305.1,0.684,65.1,0
23.8389,92.68295,1231.9,45.5,192.5,2.0,8.4,14.3,22.7,25.5,40.9,15.3,0.225,16.5,74.5,28.6,296.7,0.726,544.3,0
23.69526,92.68961,936.8,35.5,82.8,19.7,43.1,63.7,114.5,205.2,269.8,97.4,0.67,17.2,88.6,64.3,452.9,0.738,20.0,1
11.56291,76.15015,812.5,40.2,321.2,0.4,0.6,1.2,1.6,12.1,37.6,9.1,0.1,29.5,63.1,87.2,498.6,0.816,1660.9,1
10.05663,77.115,1605.5,47.7,62.2,0.2,0.5,1.2,1.5,14.9,43.1,10.4,0.187,21.5,73.0,64.1,333.6,0.954,516.1,0
26.07364,91.80636,108.9,29.7,325.4,1.5,3.0,5.3,7.1,25.2,53.2,14.6,0.216,18.9,68.4,111.1,875.0,0.593,1362.8,0
26.04709,91.83515,37.1,28.8,141.6,2.9,10.3,16.4,25.4,39.2,68.0,22.6,0.257,29.7,61.6,17.4,546.1,0.623,764.3,0
26.05589,91.88828,198.0,31.7,39.2,9.8,65.9,118.3,140.7,216.9,272.4,104.3,0.761,21.8,93.2,91.4,583.5,0.798,459.8,1
26.09025,91.81924,112.0,18.1,60.9,0.4,0.6,1.3,1.6,10.7,40.3,9.4,0.199,31.2,56.0,166.1,502.4,0.489,20.0,0
25.2791,91.60448,1013.3,41.7,294.5,43.4,69.2,120.8,175.0,277.7,388.8,140.5,0.883,19.4,93.4,80.0,177.9,0.846,388.1,1
25.34393,91.72839,1439.2,27.4,188.2,3.7,12.4,38.4,47.2,57.0,67.1,28.6,0.559,15.6,93.0,42.6,150.6,0.92,500.3,0
25.56622,91.87319,1519.5,26.8,310.2,37.7,103.9,137.2,246.9,401.6,590.5,207.6,0.98,14.5,90.2,103.8,563.4,0.486,724.6,1
25.58986,91.88164,1513.4,35.3,56.4,3.0,4.7,8.3,12.1,30.2,41.0,13.7,0.224,21.4,48.7,147.4,474.0,0.599,1784.2,0
25.63062,91.89941,1394.2,34.4,350.1,0.0,0.1,0.1,0.2,14.8,40.8,9.7,0.108,22.3,55.5,41.6,249.3,0.848,1460.5,0
25.55279,91.88958,1543.3,22.4,59.6,4.1,18.9,29.0,50.7,83.8,111.5,40.8,0.532,17.2,92.8,102.4,653.2,0.378,1245.3,0
23.71188,92.75124,1224.3,36.3,195.3,2.4,7.6,14.4,19.4,27.5,38.6,14.3,0.276,24.5,69.9,165.3,345.3,0.947,1735.1,0
23.82325,92.70302,968.7,46.6,221.4,16.5,69.0,106.1,162.7,247.0,358.2,128.9,0.761,21.9,93.1,163.3,178.6,0.92,148.1,1
23.74259,92.75446,1059.9,36.7,211.0,0.6,1.0,2.3,2.9,5.4,20.1,5.2,0.227,28.0,49.2,36.1,466.9,0.563,25.9,0
23.74731,92.77271,1248.2,44.3,238.3,4.0,6.6,12.6,20.8,29.5,42.5,15.6,0.365,16.2,80.2,66.0,264.0,0.705,198.5,1
23.7671,92.69995,1054.2,40.8,3.4,1.2,1.6,3.1,4.2,11.3,21.9,6.3,0.213,24.5,74.8,101.1,483.3,0.796,349.8,0
11.56767,76.09884,880.1,35.7,185.1,0.7,1.4,2.8,5.0,6.2,7.6,3.1,0.388,18.1,82.8,156.7,305.4,0.877,957.5,0
10.11059,77.0508,1537.9,37.8,31.5,22.6,38.1,97.5,129.3,163.3,251.9,92.6,0.604,17.7,81.0,50.3,560.3,0.818,1748.5,1
26.07276,91.85626,30.0,9.3,6.7,21.5,93.8,138.8,204.8,309.3,483.4,168.6,0.905,22.9,84.7,76.4,175.7,0.492,1057.0,1
26.02097,91.82887,202.6,19.4,189.9,1.0,2.3,3.9,5.0,6.3,9.2,3.5,0.434,22.0,92.9,141.0,1058.1,0.598,902.3,0
26.06391,91.84381,114.7,38.5,17.9,33.0,56.0,102.6,151.1,194.8,228.1,95.3,0.742,20.2,93.2,77.0,313.2,0.765,538.1,1
26.15309,91.77016,71.8,14.0,260.6,10.7,32.0,82.2,127.2,159.5,211.7,83.7,0.633,24.9,92.7,168.2,578.9,0.434,1014.4,1
25.25435,91.58239,1104.2,38.0,348.3,10.3,53.8,101.5,119.8,202.9,301.5,104.5,0.725,19.2,89.5,201.1,145.0,0.878,39.3,1
25.30249,91.69526,1498.2,35.6,319.3,25.2,59.5,102.0,136.0,184.8,246.5,95.0,0.717,17.2,88.7,187.1,211.7,0.738,1131.9,1
25.58057,91.91273,1438.6,27.5,38.3,0.9,5.0,10.5,13.7,27.4,31.5,11.8,0.332,19.0,51.6,214.8,738.7,0.551,1230.5,0
25.60461,91.88159,1429.6,42.9,324.3,16.4,34.7,98.0,130.0,181.7,247.1,93.6,0.755,17.9,94.9,67.9,393.6,0.598,101.2,0
25.59358,91.89394,1332.8,38.2,191.8,22.1,77.9,119.5,195.8,318.5,443.2,159.7,0.786,17.7,93.5,25.2,194.8,0.637,1556.4,1
25.65012,91.86884,1498.6,30.5,296.9,11.5,24.6,37.5,56.8,74.3,108.5,40.5,0.541,17.5,93.0,89.7,494.8,0.561,415.1,0
23.6534,92.7415,1046.9,40.6,261.6,0.8,2.3,3.2,5.0,6.4,7.4,3.1,0.359,20.7,85.5,35.4,610.6,0.941,64.2,1
23.78279,92.73415,942.3,53.7,266.9,17.8,39.6,48.6,73.3,113.9,138.2,53.7,0.578,17.1,92.4,77.1,234.2,0.941,758.8,1
23.77441,92.73512,1091.8,35.3,184.9,12.4,63.9,98.4,164.2,269.0,427.2,145.2,0.816,23.9,87.8,33.9,828.8,0.659,109.7,1
23.85157,92.71661,1197.6,34.5,294.8,2.9,4.7,8.5,14.0,17.3,24.4,9.4,0.38,21.0,91.0,19.3,195.7,0.675,861.2,0
23.76804,92.70274,1159.1,38.2,278.6,0.3,1.2,2.1,2.6,9.0,12.1,3.8,0.185,19.2,50.0,37.8,446.7,0.735,645.1,0
11.58527,76.08184,826.8,39.3,43.2,22.5,47.6,97.7,122.3,154.0,187.1,77.3,0.758,17.3,85.5,77.0,143.8,0.996,588.1,1
10.09744,77.06812,1427.4,37.8,226.5,2.5,4.0,8.1,11.6,12.4,34.0,10.4,0.173,21.1,70.7,76.2,217.2,0.75,2583.1,0
26.01273,91.76341,63.4,26.9,237.4,55.5,131.1,220.0,315.4,450.0,588.9,225.9,0.98,21.4,89.6,220.4,228.5,0.379,744.1,1
26.09666,91.82311,65.6,16.4,234.1,1.0,1.6,2.6,3.9,8.3,14.3,4.5,0.249,27.4,51.9,17.1,406.5,0.526,1028.2,0
26.10726,91.89153,170.8,30.1,270.3,2.3,9.7,10.6,16.7,17.3,26.3,10.3,0.26,28.6,58.1,38.7,289.2,0.71,860.5,0
26.03389,91.77175,77.6,8.4,328.6,1.2,1.7,3.3,5.0,8.5,12.3,4.3,0.516,24.0,97.0,78.6,1077.0,0.512,1743.5,0
25.33983,91.62872,1164.4,38.8,136.2,0.4,3.9,6.1,7.4,10.7,39.4,10.4,0.196,17.6,48.4,99.0,155.6,0.984,20.0,0
25.25346,91.73916,1435.0,35.4,18.2,2.5,8.9,13.7,18.4,37.7,66.2,20.7,0.246,21.0,69.9,128.7,603.7,0.859,529.9,1
25.62972,91.92813,1388.7,25.4,215.5,3.6,14.9,18.3,30.5,46.5,64.2,23.6,0.463,15.4,81.5,62.0,827.6,0.672,157.5,0
25.53368,91.89626,1481.0,36.6,114.0,0.0,0.2,0.3,0.3,15.4,17.7,5.1,0.219,21.3,73.5,51.9,497.6,0.666,1539.4,0
25.65875,91.92177,1236.1,39.3,334.7,8.5,57.1,69.5,105.4,166.2,226.2,83.0,0.757,17.1,97.9,94.1,427.0,0.743,85.7,1
25.58853,91.8464,1468.8,20.8,143.8,5.4,12.4,29.0,34.3,49.2,75.0,26.8,0.296,19.8,74.4,48.8,577.0,0.442,299.8,0
23.74311,92.77988,1256.0,40.1,359.8,1.2,2.9,6.8,10.5,15.5,24.5,8.6,0.458,17.1,84.1,35.0,329.8,0.926,146.1,0
23.77399,92.75281,880.6,38.7,322.0,47.4,78.1,143.6,195.4,273.7,398.3,146.1,0.89,13.1,95.4,14.1,470.5,0.787,1292.2,1
23.6759,92.73439,1157.6,49.2,336.4,0.8,4.3,6.6,10.3,27.9,50.4,14.9,0.244,25.8,60.2,35.0,360.0,0.733,125.7,0
23.75638,92.72099,1207.6,52.5,115.2,0.3,0.6,0.8,1.2,15.6,35.6,8.9,0.152,19.7,49.7,36.6,248.3,0.798,1054.9,0
23.68559,92.66888,1028.8,30.9,231.4,3.4,24.0,47.3,65.1,100.4,149.3,52.9,0.502,20.9,84.6,74.9,588.1,0.5,1182.5,1
11.56594,76.04306,923.2,22.6,286.9,16.2,23.7,53.6,69.4,113.0,144.9,54.2,0.558,24.2,88.7,175.4,358.3,0.947,1089.0,0
10.00549,77.05112,1552.5,41.8,88.7,2.2,3.1,7.6,9.9,16.3,20.0,7.6,0.524,14.1,80.5,53.5,235.3,0.917,439.1,1
26.09216,91.79493,136.8,17.2,58.9,5.4,7.7,15.7,19.7,25.3,48.2,16.1,0.173,26.5,58.2,199.8,321.4,0.413,552.8,0
26.07012,91.83578,74.4,25.9,276.2,11.2,52.1,72.5,110.1,188.1,244.1,89.7,0.669,21.9,86.9,43.6,604.5,0.497,1751.9,0
26.06774,91.88739,157.0,29.0,90.5,6.5,15.5,21.9,26.0,26.2,34.9,14.8,0.268,25.5,70.4,173.4,423.6,0.629,2168.7,0
26.10095,91.81434,64.0,23.5,139.7,6.5,6.7,21.3,25.9,31.2,40.9,16.5,0.49,20.1,80.9,124.5,452.4,0.429,278.1,0
25.27997,91.60352,1087.3,29.0,119.5,3.2,6.2,12.6,15.5,32.4,50.2,16.4,0.17,24.5,62.2,54.9,290.4,0.964,130.7,0
25.28765,91.74668,1474.3,26.9,35.9,4.6,7.5,19.1,21.7,41.5,54.5,19.4,0.308,22.5,67.1,304.8,128.3,0.988,1217.7,0
25.5974,91.89837,1474.6,30.9,152.0,43.3,79.7,135.6,220.8,270.0,369.9,145.1,0.98,19.4,95.9,56.2,632.6,0.614,147.7,1
25.56118,91.92279,1466.3,25.4,238.2,6.8,13.3,24.6,30.1,45.8,58.4,22.3,0.481,19.7,96.3,23.3,396.0,0.663,818.4,0
25.67488,91.95099,1268.0,44.6,138.6,0.5,0.7,1.3,1.8,7.2,24.6,6.0,0.141,19.5,52.1,134.0,204.7,0.847,364.5,1
25.64803,91.83956,1429.3,35.2,119.6,1.7,6.6,11.1,12.6,14.5,23.7,8.7,0.215,14.0,61.3,63.6,575.1,0.63,99.3,0
23.81002,92.72514,1147.0,28.6,5.0,33.8,72.0,152.9,221.7,341.0,545.6,187.6,0.98,21.6,88.8,53.0,471.5,1.0,372.6,0
23.74382,92.7074,989.0,42.8,90.2,15.3,97.7,141.5,197.4,237.4,328.6,128.9,0.815,16.7,93.9,193.8,365.7,0.965,125.1,1
23.75543,92.7045,1071.6,41.6,67.8,19.1,31.5,66.0,83.1,119.1,182.5,65.0,0.529,16.0,91.7,39.0,379.6,0.729,135.1,1
23.78646,92.68381,950.4,43.0,89.2,1.7,6.9,9.7,12.2,26.4,34.8,12.0,0.215,23.2,56.2,101.6,338.4,0.679,380.1,1
23.71262,92.71425,960.2,42.2,139.2,0.5,1.6,3.0,4.9,20.1,33.4,9.7,0.162,25.6,49.1,37.3,601.2,0.742,910.6,0
11.53615,76.07558,970.6,39.7,336.4,11.1,29.7,46.2,73.5,117.4,185.0,63.4,0.664,18.0,91.6,86.2,97.7,0.82,165.9,0
10.13562,77.08396,1468.0,39.0,340.7,1.6,15.8,20.7,30.3,44.4,73.8,25.3,0.283,21.3,67.0,35.4,248.3,0.778,42.6,1
26.0895,91.86733,246.5,20.7,98.2,1.0,2.3,2.8,4.5,22.7,37.3,10.6,0.215,24.8,58.1,147.2,279.7,0.265,4147.6,0
26.03195,91.85806,59.0,24.8,24.7,0.3,0.9,1.5,2.2,15.6,44.2,10.9,0.167,23.0,68.1,55.3,740.6,0.363,906.5,0
26.04766,91.89488,142.1,27.6,358.3,1.3,2.4,3.7,5.3,20.1,42.5,11.6,0.173,25.5,47.3,139.4,540.1,0.823,826.2,0
26.12181,91.76811,30.0,14.7,261.1,1.5,2.4,4.0,5.3,17.3,25.4,7.9,0.185,28.8,73.3,142.3,460.8,0.23,20.0,0
25.32235,91.58159,1201.9,51.7,256.3,19.5,101.1,118.4,188.0,259.1,321.0,127.7,0.853,16.8,91.6,73.6,206.0,0.918,903.3,1
25.26002,91.70731,1537.8,34.1,324.7,7.7,15.4,30.0,39.6,58.1,75.6,28.8,0.54,19.3,86.9,71.4,250.6,0.843,889.3,0
25.61755,91.80451,1531.3,38.3,299.3,8.0,32.7,66.9,93.9,122.3,141.9,59.4,0.678,15.9,80.8,56.8,765.4,0.647,29.0,0
25.55742,91.85987,1392.4,37.5,313.8,13.6,27.2,68.5,103.9,177.7,265.2,91.6,0.661,16.3,83.5,266.7,456.7,0.538,1320.1,1
25.62941,91.96351,1337.7,40.0,285.5,31.3,97.6,151.1,178.0,305.1,359.7,138.0,0.851,18.8,94.4,49.8,247.8,0.707,328.5,1
25.59776,91.86614,1588.9,18.8,276.4,30.8,150.0,216.2,320.0,450.0,600.0,229.0,0.98,12.3,85.2,205.9,436.5,0.482,205.9,1
23.71282,92.66589,1207.9,38.0,352.8,29.3,36.0,85.3,122.0,189.0,245.3,92.4,0.729,19.5,93.0,486.8,265.0,0.979,208.7,1
23.82842,92.71743,994.4,49.8,79.2,1.6,17.0,26.4,31.2,56.1,76.6,27.2,0.542,18.4,80.5,30.3,585.9,0.935,20.0,1
23.74789,92.72587,1105.5,44.1,247.8,1.5,3.4,5.3,7.1,24.1,43.4,12.5,0.227,24.2,50.7,106.0,333.4,0.84,3759.5,1
23.80879,92.77688,1278.5,38.9,322.9,12.6,49.2,94.3,116.0,147.5,197.1,77.4,0.725,19.2,84.0,28.1,203.4,0.793,418.7,1
23.63372,92.72031,957.6,40.6,54.1,2.1,2.5,6.8,8.2,9.3,37.8,10.1,0.166,26.3,54.6,183.1,739.7,0.655,1358.2,0
11.55416,76.08731,779.8,48.6,233.8,15.7,44.1,95.7,150.2,225.9,294.6,111.5,0.794,17.8,89.2,71.7,204.8,0.888,333.6,1
10.10706,77.06726,1458.6,48.3,44.9,8.6,13.2,27.4,39.7,58.6,93.6,32.5,0.505,18.6,82.5,35.9,277.8,0.813,163.1,1
26.09051,91.79225,30.0,24.2,67.9,19.1,71.1,143.3,215.5,339.2,457.2,168.5,0.98,24.9,84.4,51.6,123.7,0.289,446.5,1
26.10035,91.8058,230.9,26.7,306.9,15.0,49.8,103.6,140.6,250.3,329.7,119.1,0.749,20.0,89.8,139.2,545.6,0.577,988.0,0
26.00176,91.86974,208.4,29.4,48.7,2.6,7.6,14.2,16.3,27.7,33.9,12.8,0.189,26.5,49.6,90.8,1358.5,0.582,929.9,0
26.12302,91.77297,168.6,20.5,127.2,0.3,1.5,2.8,3.8,8.9,15.4,4.7,0.145,26.8,73.3,102.2,403.9,0.456,242.9,0
25.26111,91.59492,1181.2,52.8,345.6,9.6,11.3,30.0,42.6,63.4,94.4,33.7,0.543,15.8,96.7,92.8,101.6,0.843,136.5,0
25.28574,91.68663,1468.1,40.9,271.9,1.1,2.2,2.8,5.0,7.3,10.6,3.9,0.493,13.5,96.0,172.3,207.9,0.8,446.3,0
25.55757,91.92107,1576.1,23.1,239.7,6.9,18.2,43.9,57.4,85.7,127.5,45.5,0.486,14.6,93.2,155.3,900.8,0.603,724.7,0
25.5385,91.92147,1320.9,31.3,359.2,17.7,52.0,138.6,194.2,314.7,503.2,170.9,0.925,16.9,86.9,113.5,456.8,0.646,1101.0,1
25.6342,91.87581,1327.0,41.7,279.1,20.1,56.8,90.3,131.8,173.3,271.1,97.9,0.759,21.7,91.4,507.1,281.4,0.838,354.0,1
25.55432,91.84558,1441.3,17.8,37.3,0.9,2.7,3.4,4.6,20.8,33.7,9.7,0.172,26.4,56.8,409.3,552.1,0.442,44.9,0
23.71909,92.7695,1041.6,39.3,280.5,26.2,51.9,108.5,180.5,308.9,475.9,162.2,0.779,21.5,90.8,36.1,303.9,1.0,649.3,1
23.75331,92.73404,995.3,48.7,34.6,32.1,65.6,126.3,149.6,264.3,324.2,121.2,0.778,18.6,80.6,96.5,196.4,0.917,215.7,1
23.71886,92.66038,1120.8,44.1,298.5,21.9,66.3,145.1,171.3,282.6,379.7,138.5,0.768,18.2,91.9,72.2,473.8,0.449,436.3,1
23.76611,92.76455,1112.2,39.9,287.1,0.2,0.9,1.3,1.9,10.4,25.0,6.4,0.127,24.0,49.9,55.7,192.8,0.849,80.1,0
23.72141,92.66343,1034.0,29.6,210.9,11.5,22.1,49.1,64.2,114.6,178.1,59.9,0.519,16.1,86.7,65.1,405.9,0.554,1317.4,0
11.55758,76.19111,706.0,40.9,116.9,4.9,11.8,33.2,46.3,71.7,96.2,35.7,0.471,20.3,89.2,90.0,99.3,0.979,768.8,1
10.10387,77.04596,1652.2,47.3,89.2,0.5,4.8,7.4,9.9,13.8,43.7,12.1,0.199,19.6,61.2,42.4,434.1,0.867,1653.0,0
26.08674,91.84112,63.1,23.2,183.7,43.3,55.9,129.5,182.5,244.8,375.6,136.1,0.9,23.4,97.0,66.1,127.5,0.389,1203.7,1
26.00478,91.81675,56.5,9.1,78.2,4.0,26.4,51.6,77.2,103.8,122.4,50.3,0.628,17.4,94.3,10.6,627.3,0.518,3003.1,0
26.05757,91.88408,257.1,36.0,130.0,20.8,29.9,71.6,109.0,159.1,201.7,78.0,0.661,20.6,86.6,69.4,289.8,0.688,704.6,1
26.12402,91.8194,32.4,22.5,41.6,0.7,1.8,2.2,3.2,7.5,10.7,3.5,0.202,25.5,54.6,158.1,706.3,0.333,2127.7,0
25.30766,91.5618,1101.5,34.4,303.3,10.7,38.1,93.0,126.0,180.5,212.1,85.7,0.706,20.2,90.6,198.3,162.2,0.871,1020.1,0
25.24879,91.70651,1693.2,37.1,101.5,0.4,1.4,2.9,4.1,17.9,24.9,7.6,0.227,18.8,58.2,127.0,131.8,0.88,557.8,0
25.5827,91.98722,1421.3,31.8,29.0,4.1,29.0,38.8,61.4,96.7,141.5,50.3,0.603,15.9,89.9,174.6,766.1,0.575,518.5,0
25.55422,91.94642,1385.6,32.4,322.4,24.3,42.8,78.8,101.4,127.1,174.3,67.8,0.59,17.2,88.0,35.1,516.4,0.634,166.8,1
25.63195,92.00341,1228.5,39.1,82.9,2.7,13.1,33.2,42.2,73.3,93.6,34.5,0.512,18.7,97.2,167.5,252.4,0.8,20.0,1
25.56663,91.90021,1374.1,17.7,203.3,12.8,68.2,74.2,131.6,173.9,258.8,95.5,0.734,14.9,81.1,191.2,466.5,0.631,178.7,1
23.75922,92.78214,1111.7,51.4,347.7,16.5,50.7,92.9,120.1,199.8,312.5,106.5,0.615,16.8,91.5,61.0,355.4,0.859,396.5,1
23.76084,92.70888,956.0,53.1,283.1,18.8,37.8,50.4,77.5,115.0,142.6,55.5,0.535,21.3,97.0,246.3,160.9,0.741,680.7,1
23.72592,92.75127,1272.5,38.5,216.9,5.2,10.2,18.3,21.6,41.3,50.3,18.5,0.266,20.0,74.4,31.9,384.8,0.7,395.2,0
23.80303,92.77497,1426.0,28.8,339.2,1.7,7.1,13.3,17.8,35.9,51.5,17.5,0.262,24.1,75.0,166.6,340.5,0.77,1286.1,1
23.67487,92.73251,1076.1,28.8,139.2,1.1,11.8,14.1,19.8,33.7,55.1,18.4,0.281,18.4,56.8,84.6,511.3,0.585,204.6,0
11.4699,76.11194,1028.9,47.6,13.1,26.5,72.4,157.9,193.4,274.6,422.0,150.5,0.97,19.4,82.6,174.5,289.8,0.726,548.5,1
10.03497,77.05582,1429.0,48.5,277.1,19.4,114.9,217.8,312.8,402.8,600.0,222.8,0.98,15.5,92.1,84.9,242.0,0.762,1246.7,1
26.04429,91.77897,118.9,28.8,223.9,1.6,3.9,6.5,10.5,21.3,51.0,14.4,0.199,23.0,69.8,162.2,169.6,0.544,20.0,0
26.02341,91.79511,217.5,25.0,87.4,2.9,30.1,36.7,57.3,76.4,111.8,41.5,0.562,23.8,84.6,168.2,457.1,0.613,1014.3,0
25.9937,91.88734,203.0,35.6,118.7,15.2,57.6,84.4,115.9,208.4,313.4,106.7,0.739,19.0,86.0,163.3,284.2,0.678,201.8,0
26.06147,91.80229,53.2,23.8,321.8,7.7,16.1,26.0,35.5,50.4,63.0,24.7,0.52,22.5,87.9,88.9,447.4,0.401,5315.4,0
25.28173,91.59078,1141.8,43.5,161.0,1.9,6.5,10.3,14.3,17.1,27.8,10.1,0.227,23.1,53.3,61.7,228.7,0.937,311.4,0
25.2591,91.79596,1373.5,35.8,128.2,12.7,60.5,105.9,135.8,192.2,290.3,104.5,0.801,15.6,80.6,94.1,633.6,0.794,1387.1,1
25.5687,91.867,1499.6,26.8,101.9,5.8,19.9,49.2,60.5,76.8,109.1,41.6,0.584,13.9,88.1,237.7,778.2,0.568,127.3,0
25.55672,91.9134,1450.8,28.2,124.2,0.2,1.3,2.3,3.2,14.5,35.0,9.1,0.189,19.0,53.0,256.5,386.9,0.588,914.8,0
25.62024,91.95548,1226.5,26.5,23.9,33.3,125.2,183.9,249.5,409.7,535.5,198.0,0.98,18.2,87.6,52.5,566.4,0.819,560.6,1
25.55228,91.86007,1648.6,29.1,180.5,6.8,21.5,37.4,55.2,80.6,108.8,40.8,0.553,20.3,87.4,115.3,698.1,0.639,80.0,0
23.74144,92.69253,1089.8,32.5,137.4,15.2,57.0,109.6,172.6,276.6,345.2,131.2,0.965,16.8,82.6,74.9,602.5,0.972,1099.1,1
23.81668,92.74995,1096.9,53.1,53.0,11.1,20.7,47.2,71.7,88.8,141.2,51.5,0.562,17.0,96.0,62.7,171.9,0.828,144.4,1
23.74552,92.787,1231.7,37.4,72.2,22.6,46.0,107.2,161.3,216.1,258.3,105.5,0.875,18.5,95.9,231.5,588.6,0.674,1375.2,1
23.80238,92.75793,1171.9,43.4,162.9,3.4,3.9,7.3,11.9,31.4,33.8,12.3,0.283,18.5,71.4,38.5,184.4,0.541,343.2,0
23.7854,92.7332,1059.6,39.0,351.0,4.0,25.0,41.5,52.2,66.6,105.8,38.3,0.487,14.4,90.5,68.6,424.6,0.648,442.1,0
11.54401,76.10763,913.3,35.2,347.3,20.9,25.6,54.0,97.9,160.3,233.7,82.4,0.731,16.5,97.2,57.8,132.3,0.927,254.4,0
10.05985,77.02907,1473.0,50.4,106.2,0.7,2.8,3.7,5.8,17.1,18.7,6.6,0.156,23.1,60.6,104.2,216.8,1.0,335.8,0
26.10052,91.79087,30.0,21.9,144.7,24.2,73.7,164.4,203.4,307.0,427.0,156.8,0.907,24.8,92.3,52.2,149.5,0.439,3756.0,0
25.97014,91.81434,235.1,27.1,5.9,32.5,55.4,128.8,155.1,264.4,412.3,139.9,0.746,22.8,85.8,33.8,490.1,0.363,2208.3,1
26.01949,91.8568,128.6,30.3,329.2,15.2,40.8,59.2,81.1,103.8,137.7,54.1,0.599,22.1,95.6,22.8,341.0,0.714,93.5,1
26.09975,91.81234,30.0,30.0,75.0,1.4,7.4,11.2,16.7,20.0,42.1,13.7,0.295,21.5,54.3,332.1,683.3,0.416,2465.4,0
25.24636,91.63288,1061.3,37.6,213.8,15.1,35.2,82.2,122.4,149.8,190.7,77.6,0.679,12.3,89.8,50.7,196.0,0.74,1266.2,1
25.27342,91.74398,1408.0,34.3,101.1,8.2,22.3,27.6,39.5,47.7,74.9,27.6,0.372,20.5,60.9,214.6,230.3,0.97,165.4,0
25.53963,91.89931,1520.3,25.5,145.8,1.6,2.5,5.6,6.3,10.5,11.6,4.6,0.216,22.5,52.0,346.6,654.7,0.601,546.8,0
25.58346,91.9196,1437.6,20.8,93.8,32.9,76.5,139.4,171.3,298.3,417.7,147.6,0.826,18.1,80.4,82.6,675.7,0.68,154.0,1
25.59908,91.88201,1247.2,41.4,126.8,6.9,37.7,56.7,71.1,112.6,136.5,52.8,0.533,18.5,95.2,404.5,258.4,0.943,1591.9,0
25.58831,91.90315,1528.5,31.2,281.1,13.7,40.1,96.9,133.3,173.9,253.2,94.7,0.677,14.4,96.4,124.5,528.4,0.548,434.2,1
23.77615,92.75061,1063.9,41.9,174.5,29.6,88.2,116.4,211.2,299.8,363.5,144.9,0.917,23.3,85.4,68.5,255.3,0.953,549.9,1
23.80915,92.71343,945.5,50.7,120.4,16.8,28.9,76.5,92.9,147.9,211.7,75.7,0.566,16.5,92.3,30.8,1079.7,1.0,307.6,0
23.78106,92.73579,1030.6,46.1,342.4,10.7,38.0,45.8,73.6,123.1,179.0,62.8,0.547,16.2,87.7,32.7,666.9,0.639,289.1,1
23.82717,92.68384,1323.2,38.7,24.7,48.6,77.3,129.3,213.1,257.7,304.5,129.3,0.923,16.7,92.5,151.7,507.7,0.74,568.9,1
23.75126,92.6882,1091.0,38.1,138.0,0.3,0.9,1.3,2.0,2.7,25.2,5.7,0.106,23.6,58.1,278.0,462.9,0.643,843.3,1
11.51804,76.09034,749.0,28.8,240.1,5.3,11.1,20.8,24.5,41.3,66.1,22.3,0.248,23.9,68.1,93.3,164.0,0.882,549.3,0
10.08875,77.06726,1484.0,44.4,25.7,26.9,50.5,91.7,110.1,153.0,198.9,77.1,0.671,17.3,97.0,68.7,601.4,0.92,387.9,1
26.05394,91.81025,30.0,19.4,327.5,22.8,65.0,94.7,140.2,173.8,224.5,90.3,0.792,23.8,84.3,118.9,276.4,0.564,668.2,1
26.02849,91.8191,30.0,12.6,213.1,1.1,2.6,3.1,4.7,22.7,24.9,8.2,0.238,21.0,72.2,33.6,566.3,0.436,731.2,0
26.06738,91.91546,200.4,27.3,350.3,24.7,55.7,75.2,112.5,174.7,221.1,84.2,0.7,18.5,95.2,34.6,282.2,0.839,199.8,1
26.0544,91.78142,144.9,16.4,254.5,71.6,150.0,213.1,320.0,450.0,600.0,229.0,0.98,20.5,83.9,125.3,494.2,0.516,3135.6,1
25.37274,91.56592,1022.8,43.9,100.3,7.8,32.0,37.6,59.3,96.5,138.2,49.1,0.421,19.6,94.0,104.7,100.3,0.83,2385.7,1
25.31243,91.74825,1533.8,36.1,93.3,0.1,1.0,1.4,1.8,3.2,20.6,4.8,0.197,19.7,67.7,104.2,145.2,0.803,475.0,0
25.62544,91.97437,1491.4,24.0,201.9,4.2,4.6,13.3,17.9,22.3,25.7,10.9,0.472,16.4,94.4,38.5,697.4,0.51,521.3,0
25.61133,91.90741,1502.2,34.8,121.9,0.6,1.4,1.4,2.4,11.2,30.6,7.7,0.153,22.6,74.2,96.4,346.9,0.801,772.9,0
25.68791,91.96255,1296.6,30.7,245.2,4.8,27.3,55.5,89.8,130.5,184.6,67.9,0.648,16.3,90.5,46.7,213.2,0.697,509.5,1
25.61471,91.89179,1499.5,22.3,125.2,12.9,99.0,144.7,214.8,297.3,362.5,145.2,0.886,14.3,82.9,91.8,411.8,0.581,327.4,1
23.73868,92.82091,1108.5,35.2,313.8,0.9,3.9,10.0,12.8,30.1,47.6,15.1,0.243,22.2,66.0,120.3,248.4,0.949,20.0,0
23.82853,92.7335,1077.5,47.1,39.9,11.5,23.3,28.6,41.5,56.5,82.0,30.3,0.273,24.8,73.6,57.9,170.9,0.924,337.3,1
23.72714,92.76806,1021.1,42.9,248.3,28.7,65.4,104.7,133.7,197.6,304.0,107.3,0.767,18.1,84.0,71.9,329.6,0.743,1533.0,1
23.84487,92.78717,1244.3,33.9,356.8,32.1,37.5,86.4,130.5,229.6,354.6,120.0,0.805,15.8,81.6,114.7,721.0,0.74,148.2,1
23.83056,92.77333,1023.6,42.8,214.2,2.9,14.0,40.5,55.2,92.4,138.5,48.0,0.516,17.1,95.9,26.0,446.1,0.748,290.9,1
11.58372,76.06457,917.0,26.5,269.8,0.4,1.3,2.1,3.3,18.4,19.7,6.4,0.178,23.3,68.6,230.1,190.1,0.93,925.2,0
10.121,77.05942,1441.4,33.3,349.4,6.3,21.8,33.0,40.2,60.7,94.5,33.0,0.516,13.7,84.2,98.9,314.3,0.78,733.4,0
26.03898,91.79708,241.8,24.3,210.9,26.6,53.4,76.3,106.4,140.0,203.9,76.1,0.633,20.1,93.3,86.7,129.7,0.463,428.7,1
26.09636,91.81663,156.9,11.2,278.5,0.6,1.9,2.2,3.5,5.1,21.7,5.6,0.112,21.9,67.4,93.1,735.2,0.546,171.8,0
26.05448,91.85141,264.9,18.6,304.0,5.9,33.2,51.1,87.7,155.6,215.5,76.2,0.549,23.6,87.8,180.1,867.0,0.772,568.8,0
26.10898,91.74222,189.2,16.2,273.4,0.4,1.7,3.9,4.7,7.7,14.3,4.6,0.208,23.2,51.4,73.0,853.4,0.39,260.6,0
25.33501,91.59281,1201.2,40.2,330.4,28.2,60.2,72.6,121.0,187.1,290.7,101.1,0.671,14.8,89.1,46.2,160.1,0.791,199.9,1
25.27582,91.69868,1487.2,43.5,24.6,0.9,1.6,3.0,3.5,8.4,13.7,4.3,0.131,19.8,67.4,63.8,316.9,0.889,1444.9,0
25.52508,91.84834,1450.9,28.9,65.2,0.3,0.7,1.3,1.5,18.4,25.8,7.3,0.208,21.4,67.1,105.3,760.9,0.693,200.5,0
25.52937,91.85005,1517.4,29.6,250.7,10.1,20.3,33.2,44.3,62.9,74.0,30.0,0.49,16.0,86.7,93.4,418.7,0.68,170.4,1
25.63328,91.9248,1291.5,32.3,216.9,0.1,0.2,0.3,0.5,4.0,31.6,6.8,0.16,21.9,58.9,144.1,384.3,0.892,77.6,0
25.60075,91.89163,1542.5,29.4,243.1,5.8,15.5,24.2,28.5,38.4,59.7,21.5,0.537,17.6,84.0,63.6,848.7,0.507,301.8,0
23.78563,92.67743,1066.7,37.0,255.1,9.5,16.7,26.6,38.5,56.1,79.0,29.1,0.439,19.6,90.1,29.4,222.7,1.0,478.0,1
23.81452,92.68916,1064.3,45.3,235.9,5.6,11.3,15.8,19.0,38.1,64.1,20.4,0.329,21.4,46.5,155.4,250.9,0.915,996.6,0
23.81072,92.71151,1123.3,41.0,113.6,6.3,12.0,26.2,43.1,73.6,103.6,36.7,0.451,19.5,94.9,184.0,411.1,0.774,76.5,1
23.81182,92.68504,1118.5,44.4,354.2,0.1,0.1,0.2,0.3,13.7,33.1,8.0,0.18,24.4,47.6,68.8,181.5,0.689,2635.7,0
23.70228,92.67812,971.8,39.3,21.2,6.2,10.4,20.2,28.5,38.1,56.2,20.7,0.3,28.6,55.5,202.3,402.7,0.772,43.2,0
11.54477,76.14459,803.7,44.7,346.6,1.0,1.8,2.4,3.5,11.1,17.1,5.2,0.163,23.4,71.9,69.0,385.8,0.919,32.6,0
10.08061,77.08447,1513.8,46.4,324.5,7.9,15.1,22.8,40.7,55.6,75.5,28.8,0.531,14.9,96.9,12.7,401.5,0.976,518.9,0
26.07163,91.82487,45.7,15.2,351.1,0.8,1.2,2.6,3.8,18.2,35.3,9.6,0.132,31.6,57.0,47.1,207.2,0.426,2653.5,0
26.04857,91.82782,170.5,30.0,105.9,62.6,96.5,206.5,312.7,378.3,578.0,216.0,0.98,21.1,87.1,69.8,415.8,0.525,5755.2,1
26.05218,91.87477,149.8,16.1,4.4,65.3,100.5,219.6,308.5,450.0,600.0,226.7,0.98,23.4,84.5,208.6,392.8,0.67,1592.2,1
26.09874,91.78498,190.8,17.5,169.2,9.7,19.0,27.8,41.2,64.3,86.3,31.9,0.553,21.1,82.9,68.8,400.4,0.333,344.5,1
25.28145,91.55756,1127.1,31.8,204.8,5.0,48.3,64.8,98.8,122.3,156.9,63.4,0.628,18.9,91.9,135.6,127.3,0.74,277.5,1
25.24189,91.78791,1288.7,33.7,150.1,0.8,3.3,5.4,6.3,14.7,34.7,9.7,0.203,19.6,46.3,32.4,252.4,0.935,1312.2,1
25.54175,91.90204,1520.9,39.1,219.4,49.0,74.1,142.2,209.7,297.5,396.8,151.0,0.884,19.1,93.6,150.6,612.6,0.515,1410.7,1
25.5579,91.92387,1455.2,53.3,14.6,69.6,95.1,220.0,312.5,386.1,600.0,221.1,0.98,19.4,93.2,26.0,326.4,0.533,1865.1,1
25.64853,91.96609,1190.6,44.9,123.3,1.0,4.8,5.4,8.8,22.8,36.0,11.2,0.178,22.9,67.5,54.7,214.6,0.813,1079.1,0
25.60883,91.86176,1522.6,23.8,325.0,11.0,47.1,108.3,131.4,195.3,305.5,106.9,0.671,15.2,88.9,111.5,484.5,0.457,346.7,1
23.72268,92.70608,1122.6,40.7,332.8,19.6,59.6,82.7,114.1,148.6,232.0,84.1,0.637,21.2,97.7,24.3,303.9,1.0,149.0,1
23.82106,92.7019,1024.7,46.0,87.4,47.8,138.2,163.4,267.8,360.9,569.8,203.6,0.98,17.8,87.6,81.2,288.9,0.936,1428.2,1
23.74718,92.80152,1000.6,35.6,149.1,5.0,24.8,39.2,57.4,85.1,115.2,43.0,0.621,20.0,97.0,70.2,404.0,0.737,2329.9,0
23.70687,92.73655,1202.8,40.8,235.8,0.0,0.0,0.0,0.1,19.3,27.8,7.5,0.197,26.5,66.0,58.3,229.1,0.577,223.4,0
23.74585,92.75401,1229.9,36.0,358.3,0.8,1.3,2.0,3.2,14.7,44.0,10.9,0.143,23.9,56.1,111.0,490.5,0.699,194.3,0
11.52209,76.08297,830.5,42.1,165.1,10.1,23.4,40.0,60.3,80.4,117.4,43.6,0.502,21.6,94.2,189.2,470.1,0.84,1256.1,1
10.05893,77.02936,1543.5,31.5,121.6,1.7,3.8,6.5,9.6,22.1,35.5,11.2,0.205,20.8,60.4,55.1,443.6,0.891,334.9,0
26.09671,91.82831,188.8,29.7,258.8,0.6,1.9,3.0,5.0,6.9,10.7,3.8,0.424,23.5,89.0,144.8,260.8,0.516,2399.2,0
26.0565,91.83869,224.1,20.3,166.5,2.8,13.3,34.9,41.6,62.4,82.9,31.1,0.526,16.7,86.3,39.4,385.4,0.402,226.8,0
26.05062,91.90932,145.6,26.5,298.9,0.5,2.1,3.6,4.3,13.4,32.3,8.7,0.255,23.3,62.2,68.3,459.6,0.672,521.3,0
26.09554,91.76353,92.0,12.5,110.7,2.5,7.6,11.5,16.5,21.5,33.7,12.2,0.381,24.4,96.0,94.0,680.0,0.348,1660.3,0
25.30099,91.5797,1099.7,31.0,28.6,5.8,9.1,21.4,32.1,50.5,64.7,24.4,0.454,18.8,87.0,51.1,214.4,0.728,273.5,1
25.36066,91.74903,1554.8,37.3,341.0,12.3,43.6,48.8,88.1,153.2,204.7,73.9,0.667,16.9,91.9,33.7,298.7,0.724,1041.1,1
25.5561,91.88017,1564.3,24.5,286.5,25.8,65.4,77.5,134.7,208.8,317.3,111.3,0.814,19.1,81.9,15.9,780.5,0.531,1366.8,1
25.55219,91.8645,1642.6,34.9,292.7,2.0,4.5,6.6,8.6,12.3,18.5,6.6,0.455,13.7,89.3,488.4,564.7,0.583,1148.7,0
25.66882,91.91477,1302.6,44.8,175.6,3.0,6.2,13.7,20.2,38.5,59.2,19.7,0.213,25.2,66.0,91.1,219.5,0.794,268.2,0
25.61106,91.88314,1585.1,20.1,141.9,11.9,19.4,47.6,67.6,121.0,152.0,56.0,0.538,15.5,91.7,53.3,505.4,0.685,2994.7,1
23.78161,92.79608,1240.8,54.0,180.8,30.1,98.0,213.8,259.7,389.8,495.6,190.0,0.98,12.8,92.1,21.4,294.0,0.843,569.8,1
23.80157,92.71938,959.8,42.9,222.7,7.7,10.9,22.6,31.1,51.9,81.2,27.7,0.501,20.8,88.4,84.4,164.8,0.992,1183.8,0
23.79361,92.73888,1116.3,40.7,22.1,7.7,73.5,75.1,135.4,240.6,366.4,124.4,0.728,20.2,83.5,96.6,502.8,0.723,170.5,1
23.76745,92.72368,1237.9,43.5,73.2,21.3,74.8,137.0,219.7,349.3,488.7,176.6,0.948,18.0,94.2,21.8,510.7,0.685,660.3,1
23.74973,92.77981,1021.1,33.9,338.3,8.7,21.0,36.8,46.2,81.7,118.2,41.1,0.416,17.9,86.5,57.6,448.8,0.711,167.0,0
11.61018,76.18671,967.5,27.2,112.0,0.2,0.4,0.9,1.2,5.5,28.7,6.5,0.245,23.9,70.8,71.0,163.1,0.86,755.8,0
10.04882,77.06663,1344.1,47.2,5.6,42.0,60.8,128.6,172.8,265.6,396.5,140.4,0.846,20.0,94.7,42.0,248.9,0.966,116.7,1
26.06203,91.83695,81.6,16.6,233.9,3.1,7.1,10.0,12.5,18.3,44.4,13.2,0.213,24.3,66.3,206.8,677.3,0.574,2709.0,0
26.02726,91.82343,84.0,25.0,129.9,6.2,24.3,48.8,71.3,101.1,161.0,56.6,0.574,24.9,95.8,44.2,581.1,0.557,557.1,1
26.02489,91.85673,170.4,22.2,237.4,2.5,3.8,8.2,10.6,29.4,47.8,14.6,0.22,29.8,55.0,111.4,652.0,0.805,20.0,0
26.09687,91.72812,106.6,22.7,321.1,1.3,2.5,4.2,5.9,14.6,36.9,10.0,0.254,25.7,67.4,61.7,549.2,0.276,2719.1,0
25.21792,91.59404,1246.7,42.3,13.8,24.1,49.8,87.7,115.7,164.8,221.4,83.9,0.706,18.3,84.2,139.2,144.0,0.94,335.1,1
25.33251,91.70338,1539.7,41.6,198.5,8.5,18.1,28.1,36.6,57.3,80.9,29.2,0.512,20.4,97.6,170.7,1087.9,0.743,498.4,0
25.58594,91.8422,1398.9,28.6,128.4,0.2,0.9,2.1,2.8,15.6,25.4,7.2,0.224,20.2,70.7,147.7,1185.0,0.613,2318.7,0
25.61249,91.88391,1416.6,30.7,42.7,8.1,21.0,34.4,52.2,85.1,120.8,43.1,0.549,17.3,96.9,268.9,639.7,0.588,229.2,0
25.59555,91.91635,1231.4,30.9,89.0,1.1,1.6,4.0,5.1,8.9,10.9,4.1,0.38,18.4,94.1,34.6,314.5,0.795,347.4,0
25.55523,91.8443,1583.0,31.3,314.6,44.7,78.7,151.4,222.5,359.3,544.4,189.3,0.978,21.5,97.2,154.0,428.4,0.383,1967.7,1
23.79193,92.67026,1123.0,37.0,242.2,21.1,69.4,109.8,166.4,219.2,276.6,110.5,0.766,18.9,96.3,213.1,228.4,0.831,53.7,1
23.756,92.70153,838.9,52.8,208.1,3.6,32.5,43.0,66.9,103.9,121.3,48.0,0.58,23.7,93.0,134.7,164.0,1.0,396.6,1
23.78867,92.67717,1079.1,33.6,56.2,52.0,133.6,204.9,254.6,427.4,600.0,213.7,0.98,21.0,97.7,22.6,450.8,0.766,930.4,1
23.78195,92.75827,1363.5,27.8,162.4,41.5,69.6,153.9,202.4,356.0,482.9,172.6,0.918,17.1,88.5,56.9,245.4,0.894,343.3,1
23.69009,92.68422,1071.1,40.4,312.0,17.4,31.3,97.5,123.8,169.7,195.9,80.9,0.661,18.6,92.3,221.9,506.9,0.762,486.9,1
11.58557,76.10389,884.1,31.1,34.0,5.6,17.5,22.7,40.7,60.2,84.6,31.1,0.481,14.5,89.6,423.3,105.7,0.991,39.3,0
10.17699,77.03947,1484.4,40.2,37.5,8.6,67.2,100.6,124.1,195.6,297.0,103.8,0.689,16.3,95.3,29.3,290.0,0.861,510.0,1
26.03057,91.83493,170.5,23.4,84.4,17.9,53.4,112.5,174.5,213.2,307.7,117.8,0.906,18.5,90.3,195.1,265.9,0.35,716.3,1
26.08108,91.91773,108.5,19.9,41.5,1.5,2.2,5.6,7.5,10.4,15.5,5.6,0.454,23.6,85.3,10.7,500.5,0.412,140.8,0
26.0742,91.85934,163.1,36.0,283.5,7.0,33.4,61.0,74.0,104.2,132.6,51.7,0.548,19.4,82.4,87.7,329.4,0.691,93.0,0
26.11208,91.71818,47.1,21.5,129.8,31.2,57.1,106.9,131.2,167.8,253.2,93.7,0.751,21.3,85.8,130.5,453.8,0.323,1437.9,1
25.30946,91.61558,1030.1,34.7,305.1,5.0,26.6,40.9,49.9,67.3,103.6,37.4,0.51,18.1,94.8,143.1,137.4,0.961,146.4,0
25.24995,91.73566,1509.1,30.5,104.3,30.6,76.3,122.6,159.4,269.7,419.9,142.8,0.79,15.3,81.1,71.0,367.1,0.912,80.2,1
25.54892,91.88973,1559.8,23.6,188.4,14.8,23.1,50.1,61.5,98.1,118.2,45.8,0.561,21.0,84.1,39.3,672.2,0.632,1580.6,1
25.56407,91.89536,1378.3,31.1,131.5,4.9,6.7,15.9,26.8,35.7,45.4,18.0,0.487,16.7,81.4,130.9,552.5,0.563,772.9,1
25.66262,91.89711,1377.1,37.8,116.4,33.6,81.2,88.4,156.7,205.5,263.7,104.6,0.789,14.6,94.4,249.6,520.5,0.971,146.9,1
25.57864,91.91253,1456.0,25.3,56.6,4.3,11.8,17.4,20.5,20.6,40.7,14.3,0.234,19.8,47.8,61.5,560.2,0.401,295.0,0
23.76582,92.77209,1080.6,37.6,33.7,12.0,38.3,53.1,84.8,140.1,170.7,65.1,0.694,15.6,94.9,143.4,411.9,0.88,149.6,0
23.75865,92.71243,1086.4,39.7,231.8,0.4,1.6,2.7,4.5,11.5,14.2,4.9,0.232,25.6,71.8,156.4,193.7,0.782,97.9,0
23.7567,92.75622,1060.9,41.3,142.3,0.4,1.4,2.6,3.0,20.4,37.6,10.2,0.171,18.3,74.3,96.9,527.9,0.826,363.2,0
23.69391,92.73587,1070.8,48.3,63.8,1.0,2.0,3.2,3.8,22.5,41.2,11.3,0.183,26.3,53.1,123.0,406.1,0.798,1188.4,0
23.67736,92.74971,1154.7,34.9,215.1,12.7,20.5,40.8,51.5,82.4,112.5,41.0,0.423,17.3,81.9,139.7,765.3,0.664,330.6,1
11.49659,76.12113,919.3,35.5,295.0,11.7,49.2,74.6,115.5,173.2,228.3,86.1,0.632,18.4,80.1,118.9,172.3,1.0,228.1,1
10.06477,77.03507,1506.2,41.3,15.1,8.1,19.4,35.2,45.4,62.5,98.1,35.0,0.421,21.1,81.0,247.3,664.8,0.791,626.3,0
26.07122,91.81541,51.6,17.3,56.1,11.8,25.3,64.2,83.1,105.6,132.8,53.7,0.636,22.4,95.7,102.2,129.0,0.34,1129.3,0
26.08075,91.80367,295.4,28.2,89.8,30.8,96.4,220.0,320.0,450.0,600.0,229.0,0.98,24.7,82.0,134.9,362.4,0.647,387.5,1
26.06566,91.91606,242.8,21.8,286.0,30.6,60.8,86.9,135.5,201.8,296.6,106.6,0.686,22.9,89.9,23.1,402.2,0.684,52.9,1
26.1041,91.81492,109.7,10.5,195.4,36.2,87.4,134.4,199.0,286.1,417.9,152.0,0.901,25.9,97.4,309.3,479.8,0.414,836.7,1
25.34277,91.61316,1173.9,39.6,57.6,2.4,9.3,12.8,17.3,22.3,28.4,11.4,0.476,12.7,83.7,37.7,245.1,0.886,496.7,0
25.28275,91.71839,1526.6,25.6,98.5,4.4,43.9,48.4,80.1,130.2,158.8,60.8,0.559,17.1,93.8,100.3,123.5,0.863,1586.7,0
25.61314,91.8418,1435.2,27.9,261.8,1.8,6.4,11.1,15.3,25.2,30.2,11.6,0.266,23.2,61.0,149.1,659.3,0.362,340.8,0
25.53911,91.94103,1511.6,27.3,123.1,4.7,12.4,20.7,24.2,43.4,58.1,20.8,0.18,25.4,47.2,64.0,554.5,0.66,41.7,0
25.64338,91.92519,1279.4,35.9,273.1,5.8,26.1,42.7,75.1,119.4,189.5,64.8,0.635,18.1,90.4,66.4,268.2,0.811,1123.1,1
25.57062,91.91687,1573.5,30.2,88.3,1.8,5.1,10.8,16.3,20.3,22.3,9.8,0.204,25.1,71.5,58.2,500.6,0.62,619.7,0
23.75628,92.71596,1141.6,46.7,282.6,23.8,48.9,80.1,97.3,158.1,246.2,84.5,0.603,19.5,93.2,64.3,232.5,0.885,593.3,1
23.71969,92.65435,1134.8,58.8,226.3,3.4,6.2,11.7,14.4,24.2,26.2,10.5,0.252,21.5,67.7,51.0,210.4,1.0,462.3,0
23.70989,92.75936,1145.4,51.8,357.6,7.0,10.2,23.1,26.3,27.7,37.6,15.5,0.278,23.5,61.3,148.7,332.5,0.876,2472.2,0
23.77524,92.75331,1415.2,34.8,243.3,16.1,25.0,48.5,73.3,95.2,118.4,47.9,0.591,22.6,84.2,56.3,250.1,0.811,276.4,0
23.71083,92.70871,926.4,38.9,95.9,52.8,147.0,182.8,291.9,399.4,600.0,218.3,0.98,19.4,95.5,228.8,391.9,0.591,400.7,1
11.61981,76.16148,900.8,38.5,198.5,7.6,48.4,87.9,120.4,144.9,172.8,73.1,0.671,16.1,89.7,62.8,138.5,0.93,571.2,1
10.08868,77.04739,1553.5,41.7,39.8,14.3,51.2,131.2,160.5,212.3,328.1,119.0,0.873,18.6,87.3,27.7,329.5,0.813,582.3,1
26.06716,91.78811,89.4,23.1,344.7,10.2,17.0,25.7,41.3,54.3,65.9,26.9,0.483,21.6,88.0,401.6,286.3,0.412,750.3,0
26.07122,91.91111,212.8,15.5,83.3,7.2,52.8,69.5,102.1,178.8,262.6,90.8,0.658,21.8,96.4,138.7,431.2,0.421,3575.5,1
26.09779,91.8561,58.7,32.0,262.4,19.9,50.5,96.5,121.0,158.5,235.9,87.2,0.742,24.1,89.1,55.3,355.3,0.749,292.1,1
26.16602,91.87952,30.0,24.3,256.2,5.3,12.5,20.4,32.9,47.6,66.1,24.6,0.286,22.5,50.9,90.7,506.7,0.381,162.8,0
25.26796,91.57097,1095.2,30.6,296.0,35.2,81.4,134.6,170.5,302.1,455.6,155.4,0.887,17.5,89.2,51.0,139.1,0.859,127.6,1
25.25602,91.77029,1423.3,37.0,50.9,7.0,36.2,71.1,112.9,202.8,254.8,93.8,0.683,19.2,95.5,69.2,422.7,0.763,288.9,1
25.60796,91.84199,1407.2,37.1,85.3,0.7,2.0,3.4,4.3,9.0,34.1,8.6,0.157,23.6,74.2,99.4,640.3,0.609,152.3,0
25.51841,91.96068,1519.4,29.1,117.4,51.5,106.3,118.3,206.2,300.1,417.3,154.7,0.892,17.5,82.7,58.7,330.7,0.629,611.6,1
25.61039,91.97338,1327.9,46.3,274.3,23.3,41.9,67.6,114.6,150.1,224.4,82.8,0.688,23.9,91.2,19.8,247.6,0.681,1534.2,1
25.56679,91.84337,1459.0,29.4,247.7,4.9,37.0,58.9,73.8,102.8,132.0,51.4,0.547,19.5,95.0,67.0,544.7,0.503,148.9,0
23.77494,92.77668,1105.4,45.0,107.7,15.0,52.7,117.4,145.7,244.1,329.4,119.4,0.79,22.5,86.1,121.5,392.6,1.0,626.6,1
23.82199,92.69852,1000.8,49.3,135.4,1.2,2.2,3.7,5.6,13.4,31.6,8.8,0.16,25.4,74.6,104.0,552.2,1.0,68.4,1
23.72727,92.72558,1303.8,50.8,207.0,9.6,11.9,24.9,35.5,40.6,45.9,20.4,0.384,27.1,51.8,121.6,498.0,0.695,1666.4,0
23.77039,92.69101,1209.8,36.5,294.2,5.0,6.1,16.2,22.5,36.4,49.8,18.1,0.444,15.9,81.3,42.7,186.8,0.657,1027.4,0
23.76819,92.75476,1012.1,29.2,2.8,29.1,68.7,140.8,200.5,301.0,428.8,156.0,0.928,16.0,88.2,102.4,431.1,0.537,1959.7,1
11.54015,76.0887,900.5,42.5,104.0,0.8,1.3,2.9,3.2,15.3,40.7,10.3,0.202,22.4,67.1,120.2,122.4,0.833,283.3,0
10.03363,77.09981,1397.7,36.0,147.2,23.1,150.0,220.0,320.0,450.0,541.6,217.3,0.98,20.4,84.2,303.7,336.7,0.855,354.7,1
26.01606,91.84009,30.0,21.9,288.4,7.1,20.9,46.2,56.9,89.3,119.0,44.1,0.507,23.4,82.0,63.6,612.6,0.454,3417.9,1
26.05142,91.79143,76.6,22.9,27.9,3.9,21.9,26.2,43.2,77.6,99.1,36.2,0.52,20.4,91.0,700.8,593.0,0.646,1370.0,0
26.02429,91.84953,248.7,27.4,137.0,21.3,47.5,82.0,106.6,133.5,197.2,74.1,0.643,20.2,97.0,70.9,793.6,0.68,71.7,1
26.11102,91.75977,30.0,26.2,59.0,0.1,0.6,1.3,1.4,3.6,6.7,2.0,0.152,29.2,66.5,77.9,492.4,0.372,1862.3,0
25.23821,91.60945,1049.6,38.8,221.0,8.1,14.9,30.9,43.1,58.9,72.2,28.9,0.468,14.8,96.2,53.9,221.5,0.881,187.0,1
25.29316,91.72168,1452.1,42.3,71.0,35.4,62.2,154.7,208.9,304.6,352.9,142.8,0.936,17.2,86.3,299.5,125.2,0.806,211.7,1
25.58369,91.94689,1607.1,31.2,328.4,13.9,69.5,85.9,126.6,219.4,284.7,104.2,0.802,19.6,90.9,115.3,589.0,0.607,143.9,1
25.61085,91.90385,1323.8,38.3,289.7,22.1,38.5,114.1,139.4,233.4,370.5,125.3,0.773,23.6,89.3,59.1,414.9,0.698,681.6,1
25.64652,91.93205,1381.5,43.8,160.5,6.7,16.7,17.8,30.8,52.1,80.0,27.4,0.408,16.5,93.2,139.9,255.5,0.75,123.1,0
25.60319,91.94163,1516.2,25.6,232.3,6.8,15.9,24.0,27.0,39.4,61.3,21.6,0.306,25.4,45.6,70.2,425.8,0.517,2454.9,0
23.7384,92.74223,1194.0,34.3,110.1,31.7,78.6,109.8,172.6,210.0,260.3,107.6,0.804,15.1,83.5,57.7,709.7,0.922,848.2,1
23.77491,92.72524,786.1,34.2,147.9,11.2,34.3,47.2,71.8,117.0,165.0,59.0,0.574,20.5,96.2,147.5,302.3,0.848,1899.1,1
23.76348,92.67392,1246.4,43.2,327.2,50.7,118.7,220.0,320.0,421.0,567.4,219.6,0.98,18.1,94.5,75.3,570.1,0.752,545.0,1
23.73557,92.64081,1322.2,36.5,147.5,10.6,24.0,54.1,70.4,107.7,147.0,54.3,0.629,19.1,97.5,94.4,491.2,0.75,170.5,1
23.71669,92.76998,1159.3,37.8,176.3,2.7,9.9,13.0,22.3,28.0,40.5,15.4,0.411,12.6,82.7,67.4,623.9,0.768,1523.0,0
11.55738,76.11071,811.4,33.8,70.5,2.1,5.2,7.0,10.5,19.4,38.3,11.7,0.263,25.0,53.6,152.7,177.0,0.839,1897.1,0
10.15815,77.08701,1412.9,52.8,67.1,1.4,6.0,9.6,12.6,29.5,51.4,15.8,0.238,19.9,64.2,15.3,220.7,0.863,778.6,1
26.12776,91.80155,65.0,16.6,257.0,2.5,4.7,7.6,12.6,26.5,33.5,11.9,0.218,29.2,60.9,157.2,346.7,0.493,4079.5,0
26.06617,91.84927,51.9,27.2,97.7,3.9,25.8,39.3,49.6,61.7,77.8,31.7,0.539,23.1,97.0,490.9,911.2,0.541,493.7,0
26.02204,91.916,295.6,32.4,285.8,11.4,44.1,88.3,156.1,217.4,347.3,122.4,0.852,19.2,82.4,63.5,310.7,0.689,1830.5,1
26.1007,91.80307,95.8,22.8,97.6,5.3,20.6,53.5,67.6,99.0,120.3,47.5,0.559,20.9,94.4,96.3,426.1,0.353,686.3,0
25.29993,91.57122,1198.5,45.8,226.4,9.3,24.2,37.3,49.0,65.0,82.8,32.9,0.44,23.2,93.2,63.1,379.4,0.857,20.0,0
25.26724,91.80426,1441.2,47.3,358.4,0.0,0.1,0.1,0.1,11.8,37.0,8.6,0.23,21.4,50.4,111.7,121.9,0.899,605.7,0
25.55124,91.8909,1598.1,22.0,89.7,8.3,15.6,27.2,34.9,37.8,62.2,23.2,0.313,21.0,74.4,47.0,1220.4,0.61,342.8,0
25.57528,91.93269,1485.1,24.7,342.6,9.0,25.6,58.2,97.9,174.2,236.5,84.3,0.633,16.8,91.9,22.0,363.1,0.743,408.2,1
25.65811,91.90751,1241.7,43.7,35.3,0.9,1.5,2.8,3.5,22.2,22.8,7.5,0.138,24.7,59.8,11.4,222.1,0.896,393.5,0
25.59251,91.86167,1588.9,29.2,72.9,73.2,86.3,220.0,320.0,410.1,593.9,223.8,0.98,18.1,94.3,109.8,441.6,0.644,388.7,0
23.73429,92.72481,1043.4,32.7,169.3,51.6,150.0,215.3,320.0,450.0,600.0,229.0,0.98,19.9,93.2,73.8,425.5,0.863,525.7,1
23.76944,92.74675,971.0,44.8,164.1,8.1,29.6,60.6,87.7,117.6,148.2,58.9,0.667,19.2,95.4,67.8,510.0,1.0,160.4,1
23.78449,92.74023,1069.8,45.6,203.0,6.5,11.3,15.1,21.8,27.8,37.0,14.5,0.304,23.4,46.1,88.9,369.7,0.736,303.8,0
23.78211,92.73042,1206.8,42.2,225.0,0.5,0.8,1.8,2.2,15.8,31.5,8.3,0.155,24.5,56.6,132.3,206.0,0.777,826.3,0
23.76726,92.70244,1027.4,40.8,40.5,21.7,63.3,121.1,160.1,266.4,394.9,137.6,0.777,20.3,83.5,55.2,480.3,0.683,1460.1,1
11.5695,76.07071,925.0,42.6,51.5,2.6,3.6,8.7,10.4,30.4,56.0,16.3,0.187,25.2,57.7,139.9,283.2,0.976,556.5,0
10.05294,77.05464,1483.2,32.1,138.4,7.0,8.1,21.6,31.4,38.9,61.7,22.5,0.482,17.9,87.1,69.4,425.5,0.795,895.9,0
26.0353,91.79228,78.7,16.3,162.0,6.5,19.0,51.3,66.0,106.6,151.8,54.2,0.538,22.6,90.6,74.0,192.1,0.458,207.9,0
26.02765,91.85245,128.2,21.1,123.9,11.7,40.3,47.7,74.7,100.8,148.1,54.6,0.564,25.2,83.8,130.7,516.5,0.541,180.2,0
26.03403,91.89337,122.4,40.4,14.4,27.4,66.3,138.8,222.0,295.0,436.3,161.2,0.969,26.2,87.5,191.4,895.8,0.729,802.0,1
26.13118,91.78048,127.4,28.7,195.4,4.8,9.5,19.6,28.5,43.7,67.7,23.6,0.399,22.6,81.4,138.9,518.1,0.362,2262.3,0
25.36651,91.57989,1270.3,35.5,126.9,0.6,1.5,3.4,4.2,5.7,16.6,4.7,0.179,19.1,46.8,41.9,173.7,0.839,447.5,0
25.22354,91.77251,1437.3,42.7,198.7,1.1,2.3,3.9,4.5,23.6,23.8,8.0,0.205,19.4,56.7,166.8,111.8,0.823,222.8,0
25.58184,91.89275,1571.2,25.7,189.8,5.0,21.9,23.3,40.1,61.7,71.2,28.4,0.532,14.5,82.3,44.9,771.1,0.65,90.1,0
25.61656,91.92828,1511.8,27.5,214.2,19.2,51.2,109.0,143.3,224.2,259.9,103.1,0.753,13.4,88.0,78.2,508.2,0.567,1888.1,1
25.6917,91.95049,1126.6,37.7,48.2,1.1,1.7,2.9,4.7,10.8,19.2,5.9,0.279,21.1,51.8,89.5,206.0,0.802,802.1,1
25.63285,91.89134,1518.4,32.4,281.3,0.7,3.3,4.7,5.9,21.9,38.4,11.0,0.178,17.2,58.2,238.4,738.7,0.515,20.0,0
23.78469,92.7816,1127.2,38.9,269.3,5.2,14.1,19.7,26.4,27.2,31.9,14.4,0.324,21.9,45.3,174.6,343.2,0.939,279.0,0
23.74244,92.70763,943.4,48.8,267.7,12.4,28.9,65.9,82.6,135.2,179.4,65.9,0.533,19.3,96.5,26.8,157.4,0.995,1406.2,1
23.72325,92.74516,1090.2,35.3,18.5,6.0,15.9,38.1,58.2,80.4,116.8,43.1,0.572,15.6,96.4,94.0,391.8,0.713,2043.6,1
23.76018,92.77742,1255.6,43.8,186.4,0.5,2.1,3.8,5.0,7.9,12.4,4.3,0.426,21.3,83.9,63.0,357.3,0.799,20.0,1
23.80175,92.6533,1065.1,30.4,214.5,5.1,5.9,16.6,21.1,31.9,42.9,16.0,0.561,20.4,83.6,127.2,478.5,0.61,5488.4,0
11.54486,76.09471,872.9,37.5,123.6,1.0,8.4,12.1,18.2,24.6,25.3,11.2,0.215,19.6,51.2,247.8,91.4,0.962,116.5,0
10.09699,77.066,1576.9,44.0,47.0,25.7,48.1,62.5,111.8,176.6,278.7,95.7,0.678,17.1,96.5,12.8,359.5,0.758,450.2,1
26.0689,91.79716,30.0,19.6,135.7,9.9,46.0,93.8,115.5,192.2,228.0,87.9,0.668,23.6,92.0,57.7,288.4,0.458,1117.1,1
26.04453,91.82095,184.3,27.1,60.6,4.6,26.2,29.2,49.0,59.9,83.3,32.5,0.588,24.4,97.1,71.9,748.9,0.508,1274.5,1
26.05736,91.89883,119.0,41.9,144.5,30.1,37.4,73.2,122.5,149.5,232.0,85.8,0.741,24.9,96.7,83.5,300.8,0.733,265.0,1
26.0983,91.76015,76.4,24.3,359.9,4.7,11.7,26.1,34.7,37.2,52.0,21.1,0.367,25.5,73.5,87.3,1153.9,0.259,435.1,0
25.33929,91.58754,1195.4,43.7,101.7,1.7,4.0,8.6,11.5,18.2,24.0,8.9,0.397,18.5,81.9,108.3,296.4,0.891,1764.6,0
25.19912,91.76338,1511.7,31.6,171.9,2.5,7.9,9.9,14.6,17.1,29.8,10.6,0.231,21.0,64.1,108.3,131.3,0.905,295.3,0
25.54244,91.89146,1388.0,24.5,194.6,9.3,29.2,36.1,56.8,89.4,109.4,42.2,0.565,17.0,93.5,75.1,593.5,0.515,425.6,1
25.54794,91.92561,1443.7,27.4,102.9,4.6,8.7,14.7,22.0,39.1,45.2,17.4,0.275,21.7,66.2,43.8,369.8,0.655,77.5,0
25.58911,91.9332,1269.1,40.4,243.8,2.7,4.0,8.8,11.4,28.4,29.0,10.9,0.204,20.2,53.8,24.1,336.9,0.735,1697.8,0
25.58486,91.85015,1593.3,16.9,63.5,4.1,5.3,9.9,15.4,21.5,23.4,9.9,0.258,20.9,64.3,289.7,755.1,0.483,598.4,0
23.8102,92.70401,1042.9,46.6,193.7,8.0,33.8,45.8,74.6,99.8,128.5,50.6,0.622,19.3,92.1,158.7,337.6,0.796,166.9,1
23.79128,92.67216,1030.6,53.9,264.6,0.7,1.9,2.7,3.5,19.3,31.7,9.0,0.224,20.7,74.6,138.8,454.7,0.91,704.1,0
23.70285,92.7171,1214.7,27.0,234.6,11.9,54.3,91.5,117.7,182.5,217.8,85.3,0.723,18.2,86.2,103.7,780.6,0.751,2501.2,1
23.81499,92.71821,1266.4,49.6,12.2,6.9,25.7,34.5,51.8,80.9,100.7,38.6,0.418,19.6,90.2,200.8,528.4,0.739,2064.1,0
23.71236,92.69539,1154.5,28.3,9.2,8.4,20.3,31.3,37.9,54.8,85.1,30.1,0.489,18.7,86.6,355.2,515.2,0.703,890.2,0
11.39455,76.08822,959.3,35.8,256.7,4.2,10.7,18.9,24.0,26.2,44.5,16.3,0.264,29.2,62.0,64.7,230.4,0.837,291.9,0
10.04704,77.09734,1466.4,41.0,216.1,1.0,4.0,10.9,14.3,19.0,29.9,10.7,0.35,20.1,87.8,106.4,300.3,0.76,526.0,0
26.08256,91.82209,169.3,15.5,151.5,0.6,1.3,2.6,3.2,4.2,5.5,2.2,0.244,24.6,55.2,119.8,301.5,0.555,205.7,0
26.06352,91.84799,73.5,29.5,189.1,3.2,25.0,41.5,55.1,77.0,119.2,42.5,0.504,18.0,93.2,118.9,646.2,0.389,54.7,0
26.09225,91.82331,176.3,23.9,99.3,0.4,0.7,1.1,1.5,7.6,17.5,4.6,0.132,18.8,64.4,59.3,447.0,0.758,648.6,0
26.12339,91.79924,261.2,21.6,344.6,1.4,5.6,6.4,10.3,16.1,45.6,12.8,0.15,30.1,74.4,89.6,612.5,0.28,27.8,0
25.30825,91.53582,1263.6,39.8,257.4,3.9,21.0,52.9,70.9,87.4,101.3,43.2,0.511,18.5,81.8,32.9,98.5,0.89,2272.3,0
25.2673,91.74684,1539.5,25.9,273.0,16.0,39.4,66.9,100.5,132.2,160.8,65.5,0.643,20.5,94.2,127.4,142.3,0.618,460.8,1
25.59068,91.88386,1497.1,18.5,325.1,0.5,0.8,1.3,1.8,17.5,20.3,6.2,0.276,22.0,71.3,427.9,659.5,0.661,77.1,0
25.53692,91.89429,1552.1,29.6,351.3,0.3,0.8,1.4,1.9,12.6,13.6,4.4,0.181,26.8,68.7,155.1,359.3,0.656,3018.8,0
25.63373,91.90591,1201.8,34.1,152.6,0.2,1.3,2.7,3.2,13.2,42.1,10.4,0.142,16.6,50.8,102.9,305.3,0.802,616.0,0
25.6073,91.92404,1344.5,29.5,220.5,6.5,13.5,29.0,35.1,58.9,79.1,28.7,0.524,19.2,93.4,60.8,703.7,0.506,198.1,0
23.74634,92.71523,1273.5,54.6,164.4,25.6,139.3,220.0,320.0,407.1,600.0,224.7,0.98,17.2,91.0,83.6,235.2,0.9,962.9,1
23.7949,92.71325,936.1,47.5,21.5,1.6,4.0,9.5,11.2,23.3,34.1,11.4,0.268,22.2,55.2,17.5,513.3,0.773,157.1,0
23.71381,92.76081,1064.0,31.6,236.9,14.3,32.8,62.5,77.3,97.5,125.3,50.3,0.653,19.9,81.3,54.9,690.3,0.7,1712.8,0
23.80955,92.71868,1248.5,55.5,86.0,0.5,1.9,2.7,4.0,8.5,19.5,5.5,0.165,23.9,68.6,110.2,350.5,0.884,20.0,0
23.712,92.7121,1022.1,35.7,1.5,0.9,2.2,3.3,3.7,21.6,27.7,8.4,0.175,24.1,61.3,25.8,464.6,0.555,2173.6,0
11.53391,76.08277,914.6,45.3,191.5,4.6,8.3,13.9,16.0,32.7,40.3,14.5,0.253,21.8,47.5,77.0,347.8,0.854,420.5,0
10.0986,77.07978,1437.2,40.5,300.6,9.9,32.1,37.0,59.7,89.1,141.6,49.2,0.516,18.6,83.4,129.4,274.1,0.882,461.8,0
26.13925,91.81723,91.0,16.2,164.6,0.5,1.2,2.5,3.5,23.2,31.8,9.4,0.259,26.3,45.4,229.6,193.3,0.415,493.3,0
26.02982,91.83646,110.0,20.7,76.6,9.8,25.6,42.8,51.0,63.9,73.7,31.3,0.604,17.4,88.4,16.0,454.4,0.528,127.5,0
26.047,91.88183,259.6,28.6,127.0,9.4,84.9,98.6,157.2,277.0,356.1,130.4,0.817,23.6,95.5,313.8,587.8,0.849,786.2,1
26.09173,91.77787,64.7,25.6,217.1,18.8,54.4,108.1,165.6,249.9,383.5,134.8,0.761,23.6,95.9,103.0,463.7,0.441,65.8,0
25.29979,91.57698,1108.7,41.7,151.1,0.4,1.6,3.0,3.3,13.7,41.8,10.4,0.216,24.1,58.1,64.1,117.0,0.832,181.1,0
25.30605,91.694,1518.5,24.2,251.7,0.9,5.1,10.6,14.2,21.5,33.9,11.8,0.222,20.5,70.2,42.5,231.3,0.797,758.8,0
25.60286,91.89893,1499.5,21.0,226.0,4.7,14.0,27.3,41.8,55.6,82.9,30.5,0.474,20.5,94.8,132.9,697.3,0.564,263.3,0
25.55115,91.9229,1543.2,25.9,50.2,6.6,8.6,17.0,24.3,40.4,64.7,21.8,0.244,19.5,54.3,283.7,342.5,0.794,30.0,1
25.56379,91.95219,1227.6,39.7,19.8,3.8,20.5,45.3,53.7,76.7,113.7,41.1,0.526,19.5,80.4,10.3,523.9,0.756,39.4,0
25.61296,91.86726,1608.1,25.8,189.1,1.4,3.0,5.8,6.6,14.5,21.4,7.1,0.173,23.3,59.9,70.0,527.9,0.515,139.4,1
23.77065,92.6764,1193.6,47.0,333.6,11.2,92.5,164.7,197.7,256.4,369.2,139.0,0.862,17.0,84.5,87.0,596.5,1.0,801.7,1
23.77534,92.70433,1014.4,42.1,78.2,2.0,4.6,7.3,8.9,27.6,34.8,11.5,0.107,21.2,62.8,50.2,252.8,0.879,114.0,0
23.70503,92.76529,1083.2,44.8,278.5,30.0,113.0,170.9,247.2,345.4,438.5,171.7,0.98,19.4,87.9,56.5,313.5,0.66,933.5,1
23.76246,92.7598,1261.8,46.9,267.4,39.4,84.0,143.3,169.6,299.9,440.2,151.9,0.757,18.7,92.7,115.6,371.5,0.795,319.9,1
23.69069,92.69601,1012.3,42.1,234.5,43.7,83.9,161.6,218.4,321.3,457.8,167.4,0.924,19.7,92.5,148.9,478.9,0.601,378.5,1
11.58844,76.19295,855.9,38.4,238.7,0.3,2.0,2.8,3.5,16.5,18.3,6.0,0.246,23.9,70.4,328.7,562.3,0.983,1074.1,1
10.0728,77.08522,1458.4,39.3,277.6,12.8,56.8,81.3,144.4,195.1,230.4,94.5,0.874,16.0,92.5,51.7,279.4,0.735,624.8,1
26.1397,91.83695,38.6,20.0,265.9,1.8,3.3,9.2,10.4,27.4,42.0,13.2,0.23,26.9,57.9,84.6,284.2,0.422,1635.1,0
26.08692,91.86079,187.2,11.5,59.3,1.0,2.1,3.7,5.0,7.7,9.2,3.6,0.394,26.4,87.9,167.3,353.5,0.458,38.7,0
26.03792,91.85229,200.6,33.5,105.1,8.9,17.7,35.0,45.0,61.9,67.0,28.6,0.332,19.6,53.5,172.8,362.1,0.71,306.9,0
26.08074,91.75479,127.3,5.8,106.2,8.6,26.3,52.5,87.8,105.9,159.5,60.1,0.689,21.2,91.0,202.4,505.1,0.418,1311.3,0
25.26938,91.60434,1222.3,43.6,249.0,2.9,18.1,32.9,50.5,73.6,101.3,37.7,0.513,16.5,86.0,165.3,369.4,1.0,144.5,1
25.24997,91.66247,1446.8,32.3,153.0,5.4,5.9,12.2,18.3,33.5,49.7,17.0,0.198,19.3,53.4,74.9,139.2,0.976,620.7,0
25.55431,91.90405,1549.0,15.7,170.3,6.7,23.9,55.2,84.8,132.8,155.5,61.4,0.718,15.1,97.3,79.2,771.3,0.722,1442.1,0
25.47489,91.9204,1581.9,20.7,86.7,9.9,28.3,39.2,57.2,81.7,129.7,45.6,0.541,14.2,87.4,28.3,366.8,0.747,522.5,0
25.65446,91.94934,1258.5,38.6,255.2,8.3,14.2,25.1,39.5,58.5,71.5,28.0,0.286,22.7,63.8,15.3,252.0,0.759,113.5,0
25.59594,91.87472,1535.1,24.5,93.0,13.1,40.2,79.4,121.2,171.5,218.1,85.0,0.685,17.2,86.0,61.3,618.8,0.516,217.2,1
23.70677,92.72494,1133.7,51.6,173.5,2.4,4.0,5.9,8.9,23.5,39.3,12.0,0.257,19.4,64.4,56.5,280.5,0.987,614.6,0
23.78011,92.71324,1090.5,50.3,220.9,45.1,101.5,192.5,228.8,399.6,510.5,187.8,0.974,18.0,90.9,12.2,169.6,0.965,1334.8,1
23.76087,92.72346,1220.4,38.3,284.4,5.0,16.3,34.8,46.6,77.8,113.9,39.9,0.506,18.8,95.5,85.9,339.1,0.811,513.7,0
23.73697,92.76072,1195.3,54.2,316.6,4.8,13.4,16.3,24.0,32.6,57.9,19.6,0.292,20.9,55.9,51.1,235.4,0.664,29.3,0
23.72274,92.77472,1104.6,50.0,164.9,14.1,102.7,128.7,201.5,325.8,494.9,171.9,0.806,18.0,93.3,129.4,391.3,0.661,196.5,1
11.57879,76.12115,884.7,41.8,165.4,3.4,4.4,10.4,13.4,16.2,25.2,9.3,0.282,25.4,46.2,95.6,215.0,0.88,766.0,1
10.05991,77.07492,1411.9,51.0,300.0,21.2,70.0,86.2,143.6,181.7,221.5,91.2,0.787,16.8,83.2,93.3,442.0,0.861,873.9,1
26.16399,91.79297,110.0,16.8,171.5,0.7,4.5,5.4,8.7,23.6,50.0,14.1,0.136,20.9,54.1,212.6,239.0,0.595,308.1,0
26.09113,91.89538,121.7,17.0,52.3,2.4,14.9,22.4,35.3,56.4,81.5,29.0,0.482,19.8,94.5,79.1,355.7,0.316,2668.4,1
26.04704,91.85715,155.7,28.2,237.1,1.0,2.6,4.1,5.0,7.6,10.6,3.9,0.43,22.5,92.6,89.2,424.0,0.832,618.9,0
26.09051,91.79931,30.0,18.6,67.4,2.5,5.7,11.1,13.2,20.5,27.9,10.3,0.516,25.3,91.0,143.3,933.4,0.415,1122.1,0
25.33441,91.62689,1094.3,38.5,267.4,11.3,46.1,73.3,98.3,127.6,202.1,72.8,0.706,24.9,95.3,106.8,96.6,1.0,656.7,0
25.27125,91.80531,1547.2,40.5,59.2,35.8,138.6,220.0,307.9,450.0,549.6,216.5,0.98,19.9,95.7,64.5,192.5,1.0,498.0,1
25.53647,91.90397,1394.4,35.1,56.7,13.5,40.1,82.9,118.9,156.0,212.3,81.9,0.727,18.5,86.9,88.8,550.0,0.634,306.1,1
25.56257,91.92519,1389.5,41.4,166.9,25.8,36.2,79.3,117.4,180.1,217.4,85.0,0.68,13.3,84.1,32.2,384.6,0.705,1971.0,1
25.6291,91.9674,1505.5,40.5,333.3,10.4,16.3,35.0,41.9,61.6,65.2,27.6,0.331,23.1,72.7,205.9,523.0,0.78,785.6,0
25.57731,91.90394,1493.8,28.1,106.4,24.6,71.9,100.3,154.2,191.3,286.3,107.2,0.887,18.4,94.5,47.0,546.9,0.446,1285.8,1
23.75473,92.71945,1077.2,42.3,159.6,12.9,58.1,74.1,133.4,210.8,305.6,108.9,0.76,14.8,89.6,42.2,313.3,0.938,574.5,1
23.79952,92.68753,1039.6,51.7,61.2,6.2,15.3,23.7,36.6,61.1,72.5,27.9,0.451,18.3,96.1,78.5,426.8,0.797,487.5,0
23.7901,92.7206,923.3,46.5,63.3,3.2,4.4,7.5,12.1,18.8,34.3,11.2,0.203,26.7,53.1,59.3,482.4,0.743,632.9,0
23.75569,92.7235,1330.0,50.7,39.8,2.8,5.0,7.5,11.4,18.0,45.0,13.1,0.269,21.5,54.0,119.8,397.9,0.808,1116.7,1
23.73092,92.69728,1030.5,44.3,63.7,20.0,79.7,101.9,166.4,258.8,379.1,135.0,0.881,21.0,92.7,292.8,453.8,0.642,851.4,1
11.54971,76.14102,930.4,44.4,11.0,1.9,5.3,9.8,13.2,30.5,38.1,13.3,0.259,23.1,49.0,221.0,297.8,0.725,1876.5,0
10.06886,77.02654,1425.9,56.7,333.5,8.5,33.9,65.4,78.9,138.5,203.0,70.2,0.577,20.6,88.7,226.2,376.3,0.776,142.9,0
26.04878,91.80227,124.3,10.7,329.9,0.8,2.4,3.7,6.0,11.6,22.3,6.8,0.242,24.2,69.1,172.3,181.2,0.502,1191.2,0
26.0603,91.80276,95.1,15.4,176.6,3.1,6.9,10.8,13.1,13.5,41.3,12.2,0.202,28.0,61.6,86.4,371.2,0.457,1637.8,0
26.04192,91.84146,305.4,32.7,258.6,0.2,1.1,2.9,3.3,15.5,37.4,9.7,0.204,27.9,52.0,24.4,383.9,0.763,1158.5,0
26.11937,91.77403,30.0,23.5,273.4,6.9,22.7,29.6,45.0,53.0,67.7,27.8,0.335,25.6,66.5,86.7,421.7,0.468,1850.6,0
25.24588,91.5727,1219.4,36.1,88.8,4.6,23.9,42.5,61.9,94.3,135.4,48.9,0.484,18.2,95.9,90.0,232.9,0.929,42.2,1
25.20567,91.77915,1596.5,36.4,317.6,0.2,0.8,1.1,1.6,6.9,31.4,7.3,0.1,24.0,61.2,79.7,214.8,0.914,1772.4,0
25.61114,91.90058,1530.5,23.7,162.5,0.5,2.1,2.3,3.6,15.1,26.8,7.6,0.183,19.5,58.1,108.0,628.4,0.627,49.8,0
25.55042,91.90507,1495.5,37.4,40.0,7.8,31.7,61.1,84.8,131.5,155.3,61.2,0.608,20.1,97.8,121.1,1055.3,0.56,1181.5,0
25.6349,91.91423,1372.6,41.8,311.3,4.8,38.2,49.4,72.2,115.9,179.4,61.9,0.582,19.3,88.9,10.7,356.5,0.84,299.5,1
25.58974,91.77347,1599.1,32.2,279.7,1.3,9.0,11.7,16.3,26.8,39.9,13.9,0.161,20.1,50.1,43.9,500.1,0.522,138.4,0
23.72687,92.74209,1167.1,46.6,303.8,5.0,27.7,54.0,80.4,140.8,167.1,63.6,0.632,16.8,94.6,75.6,226.0,1.0,1594.1,1
23.80376,92.71873,915.4,45.1,296.7,1.5,6.6,10.5,12.9,26.9,52.5,15.8,0.24,23.3,59.0,268.6,567.3,0.919,220.3,0
23.77604,92.69957,1063.6,38.8,251.6,12.6,84.2,88.6,155.1,235.8,368.3,128.3,0.827,19.6,80.8,75.1,538.7,0.644,662.7,1
23.80892,92.73411,1302.2,50.0,121.1,13.0,46.2,87.5,129.2,185.2,292.3,102.8,0.808,12.5,93.5,118.3,311.2,0.777,1421.2,1
23.75241,92.71935,1143.8,35.0,265.4,14.4,25.1,57.6,85.7,104.6,130.5,53.7,0.554,17.7,95.2,63.0,657.2,0.595,923.1,0
11.55556,76.12374,872.6,39.3,223.6,9.0,42.9,77.5,127.9,195.9,303.5,105.9,0.791,22.0,96.4,145.7,391.4,0.964,585.5,1
10.08052,77.09743,1577.8,39.7,99.1,3.2,5.6,9.7,12.2,16.3,38.4,11.8,0.236,21.7,48.5,42.0,306.8,0.912,670.5,0
26.07307,91.82896,118.7,26.3,125.6,9.2,19.9,36.5,45.0,73.1,101.2,36.5,0.436,25.8,96.2,73.0,121.4,0.437,429.6,0
26.05545,91.79415,111.7,24.8,184.6,16.5,81.8,183.5,240.0,382.7,472.4,180.7,0.98,22.4,92.2,46.5,627.5,0.438,4264.0,1
26.02695,91.93728,125.7,35.2,291.8,5.7,11.5,27.2,42.7,67.8,86.9,32.7,0.475,20.4,82.4,74.7,451.6,0.667,816.7,0
26.10042,91.72616,54.9,14.6,122.0,7.7,54.1,103.5,147.3,186.3,259.4,100.0,0.753,20.7,86.3,93.1,784.8,0.492,50.7,1
25.31462,91.57147,1051.9,37.5,146.5,0.5,0.8,2.2,2.4,14.3,33.1,8.5,0.112,20.1,51.4,99.1,548.7,0.968,90.5,0
25.25915,91.68706,1626.4,26.0,259.1,23.3,83.2,113.2,158.1,244.8,316.7,119.4,0.78,16.9,80.1,95.0,177.9,0.887,20.0,1
25.57275,91.95235,1605.0,36.6,241.6,2.4,16.1,24.1,30.0,41.0,54.5,21.0,0.454,16.7,91.2,224.8,874.1,0.776,577.9,1
25.56201,91.88148,1513.0,24.6,248.4,8.8,25.2,34.4,48.3,70.2,106.2,37.9,0.521,15.7,84.3,274.8,408.1,0.686,559.5,0
25.6991,91.9254,1264.9,25.1,34.6,5.1,10.4,15.5,20.5,38.5,62.2,20.4,0.226,24.6,57.7,106.2,259.6,0.977,320.8,0
25.59881,91.88722,1609.2,21.0,187.7,13.6,57.8,113.7,166.8,227.7,358.5,127.8,0.785,20.4,84.0,54.8,439.0,0.456,615.6,1
23.70206,92.7316,1013.8,42.0,309.7,2.4,7.0,16.0,17.9,31.5,40.6,14.8,0.211,17.0,63.7,200.6,253.2,0.936,163.1,0
23.74271,92.6727,892.2,51.2,228.6,7.6,23.0,37.4,61.2,78.9,108.8,41.9,0.618,18.6,80.8,108.0,201.6,0.955,159.9,1
23.78363,92.7601,1158.4,28.7,111.8,9.7,79.0,120.4,176.0,313.9,476.7,161.9,0.867,16.1,88.7,38.6,480.0,0.662,819.2,1
23.78169,92.72114,1155.1,35.6,307.0,1.7,3.0,5.6,7.1,10.2,15.2,5.5,0.43,21.6,94.0,24.9,246.2,0.611,664.8,0
23.6791,92.678,985.6,39.8,332.5,0.1,0.1,0.3,0.3,9.1,10.3,3.0,0.158,28.4,71.2,132.2,456.8,0.647,178.7,0
11.61399,76.09947,891.3,34.5,150.4,53.4,119.9,172.1,261.5,364.1,419.0,172.5,0.98,19.5,89.3,80.6,353.6,0.832,451.3,1
10.10158,77.04611,1462.7,36.9,233.6,29.9,66.8,145.3,218.4,392.0,498.3,182.5,0.911,17.0,88.6,14.2,352.5,0.926,511.8,1
26.10049,91.7768,91.2,21.4,340.5,5.3,38.7,77.1,98.7,169.5,257.6,88.2,0.526,25.7,85.2,49.6,289.0,0.404,1245.8,0
26.02235,91.84274,190.6,24.2,290.7,0.2,1.2,2.2,3.5,8.4,22.2,6.0,0.243,22.0,48.9,139.2,719.0,0.608,135.9,0
26.01652,91.91575,156.7,37.6,243.0,9.2,18.3,27.5,34.0,45.4,49.1,21.1,0.382,26.6,69.1,91.2,366.7,0.718,20.0,0
26.08836,91.68691,108.0,7.3,356.4,1.7,2.6,3.8,5.8,16.9,23.7,7.6,0.222,26.2,68.6,85.5,452.8,0.386,120.0,0
25.28466,91.61719,1106.1,43.6,103.7,12.3,35.7,47.5,69.3,114.1,138.8,53.0,0.549,18.2,85.6,89.3,748.4,0.897,948.5,1
25.33638,91.77083,1544.9,38.5,204.9,1.1,4.9,11.1,13.7,30.7,43.0,14.4,0.153,17.1,72.9,56.9,205.5,0.857,1220.6,0
25.52428,91.90021,1437.9,27.8,216.4,0.3,2.9,4.1,5.0,10.5,25.4,7.1,0.175,21.1,60.7,70.3,585.0,0.593,1299.0,0
25.50479,91.92478,1451.8,24.8,227.9,0.7,1.5,3.6,5.0,7.2,10.4,3.8,0.414,18.7,94.2,131.9,702.3,0.695,1780.5,0
25.62276,91.93971,1168.0,36.3,285.1,9.1,16.8,40.8,52.6,70.2,99.5,37.4,0.606,20.1,93.2,136.3,556.2,0.834,584.9,0
25.62523,91.85521,1487.5,18.8,53.3,18.8,27.2,47.5,78.6,111.5,161.8,59.2,0.62,17.6,95.9,62.2,501.1,0.574,365.8,0
23.75136,92.7205,1223.4,46.6,288.8,19.7,40.5,99.6,135.5,235.6,369.7,124.6,0.737,15.8,95.7,193.7,288.7,1.0,110.2,1
23.77127,92.72791,992.8,44.4,192.0,55.1,70.9,203.7,259.0,387.0,446.0,179.7,0.98,17.2,93.5,61.9,176.1,0.902,20.0,1
23.69559,92.74704,956.4,51.1,65.9,4.2,9.2,17.8,23.6,41.2,61.9,21.2,0.296,21.6,66.4,106.7,427.2,0.769,518.6,0
23.786,92.70122,1226.1,36.3,40.9,1.3,2.0,3.6,5.9,23.7,41.0,11.7,0.1,18.7,63.6,15.6,306.3,0.635,1059.8,0
23.75017,92.68664,1163.4,39.2,302.5,7.6,18.4,36.5,52.1,68.3,99.5,37.1,0.556,17.7,83.2,129.7,712.7,0.609,69.4,0
11.48874,76.15517,777.5,32.3,220.6,22.5,31.5,89.8,108.9,169.1,196.6,78.0,0.584,18.4,93.1,88.2,111.3,0.904,161.7,1
10.07032,77.10908,1372.6,42.0,300.2,14.3,21.1,38.7,62.3,75.3,96.7,39.3,0.508,14.7,96.0,165.1,269.7,0.757,49.9,0
26.1048,91.79954,30.0,26.9,242.8,3.5,22.0,31.5,45.0,61.2,83.9,31.9,0.318,28.2,50.5,46.8,164.3,0.491,686.3,0
26.05465,91.79472,84.2,22.4,270.4,2.8,5.6,9.2,10.3,28.1,33.9,11.7,0.146,25.4,63.5,92.4,396.7,0.449,2146.6,0
26.04803,91.90915,234.0,26.2,301.9,2.9,22.9,24.6,42.1,70.1,92.2,33.9,0.431,18.4,97.9,354.0,311.6,0.798,112.0,1
26.18233,91.77912,58.1,22.6,96.6,10.0,53.1,96.5,136.6,189.7,259.5,98.2,0.722,21.8,95.0,90.5,933.2,0.467,103.9,1
25.31738,91.60081,1017.4,36.1,224.7,13.1,80.0,123.0,179.8,239.2,313.1,122.5,0.805,18.6,97.2,112.6,101.2,0.857,569.2,1
25.3039,91.76199,1358.7,40.9,91.3,9.2,23.5,39.8,50.2,72.4,107.5,38.8,0.541,15.6,94.5,111.1,165.4,0.722,186.4,0
25.60825,91.95276,1569.4,33.8,310.8,1.6,6.5,11.8,14.9,25.7,30.5,11.6,0.267,21.4,57.6,100.4,693.5,0.685,180.4,0
25.49109,91.92721,1414.4,37.5,288.0,1.0,2.5,4.2,5.0,6.6,8.4,3.3,0.397,20.3,84.2,62.2,398.7,0.684,1134.3,0
25.6404,91.94774,1200.5,31.1,6.6,0.9,7.1,12.5,15.0,22.5,35.5,12.3,0.174,18.8,59.7,22.5,277.2,0.838,90.6,0
25.58194,91.89867,1603.7,24.3,260.5,0.6,2.2,3.7,6.8,11.7,15.0,5.5,0.477,17.1,82.6,43.4,496.5,0.552,763.0,0
23.7218,92.66934,1129.9,45.4,15.1,43.0,70.4,176.4,217.5,345.9,497.8,177.7,0.935,16.1,89.4,45.9,539.3,0.948,237.9,1
23.81384,92.65093,1065.0,44.0,195.1,11.6,63.5,110.5,163.5,255.1,386.6,135.5,0.874,19.6,91.5,248.1,222.6,0.974,998.7,1
23.81677,92.73772,1059.2,32.6,211.1,4.0,18.3,32.9,39.8,65.8,78.2,30.2,0.374,15.5,86.1,76.1,386.9,0.651,153.2,1
23.73913,92.74903,1218.3,39.1,316.0,12.4,16.5,31.9,57.0,77.8,121.0,43.4,0.612,17.0,85.7,144.4,262.1,0.684,723.6,1
23.69327,92.71491,991.5,42.5,248.8,2.5,7.8,12.9,15.5,20.9,22.7,9.7,0.189,21.8,53.3,259.8,671.7,0.516,298.8,0
11.60601,76.17889,882.1,39.6,74.3,27.1,71.2,112.5,147.4,195.1,234.5,95.9,0.795,15.6,81.5,94.9,149.4,0.896,850.3,1
10.08939,77.03501,1496.1,52.8,179.2,6.1,31.8,47.2,69.8,87.6,125.9,47.9,0.551,16.6,97.1,79.7,307.4,0.87,1099.5,1
26.06711,91.78128,210.9,20.3,132.1,4.5,6.4,9.8,16.1,32.3,39.0,14.3,0.272,29.3,51.5,74.9,206.7,0.439,353.1,0
26.04921,91.87149,161.8,14.4,234.0,1.9,3.0,6.5,9.0,26.3,51.3,14.7,0.247,25.6,49.3,95.9,392.9,0.445,3166.4,0
26.05851,91.89889,125.3,24.4,33.6,10.0,20.9,27.7,49.5,75.5,114.2,40.3,0.557,22.9,84.3,21.4,306.1,0.726,1317.4,1
26.11026,91.82999,74.9,29.3,152.5,0.2,0.5,0.9,1.1,5.5,23.7,5.5,0.104,22.4,48.2,71.5,672.1,0.347,2364.2,0
25.3458,91.61526,1088.0,40.5,268.3,14.1,83.1,144.0,229.2,325.9,382.8,155.0,0.98,16.9,80.3,258.9,117.1,0.928,1027.8,1
25.33665,91.81708,1331.8,28.8,173.5,6.0,32.6,51.8,69.5,85.8,99.5,42.4,0.641,15.0,85.9,118.1,274.2,0.796,129.6,1
25.57618,91.90797,1563.7,15.7,132.0,10.2,68.5,111.8,164.5,210.6,262.0,106.4,0.753,18.5,96.3,81.3,572.4,0.607,522.8,1
25.55613,91.92114,1564.0,37.2,28.2,3.2,3.5,7.6,13.2,16.8,22.6,8.8,0.478,15.3,88.5,73.0,509.4,0.539,1328.3,0
25.59429,91.90874,1359.4,30.0,298.1,25.9,53.8,98.1,163.8,236.3,376.7,131.7,0.748,21.4,81.0,46.1,320.2,0.767,962.3,1
25.65779,91.87823,1506.4,21.2,125.0,46.0,69.2,180.4,219.7,367.9,478.3,176.4,0.921,14.9,86.0,100.1,417.1,0.504,294.6,1
23.73368,92.68331,1171.3,45.4,271.3,1.7,4.0,6.4,9.7,20.8,47.5,13.5,0.225,24.4,55.7,113.0,376.9,0.964,626.2,0
23.75252,92.69635,894.8,29.7,129.6,3.8,5.7,10.5,13.7,31.5,61.3,18.2,0.24,24.0,67.4,36.3,303.2,0.859,301.5,0
23.68855,92.75508,1202.1,30.1,203.2,0.1,0.6,0.8,1.1,4.4,19.5,4.6,0.136,20.8,53.7,154.6,410.2,0.71,26.7,0
23.73924,92.75386,1316.6,44.3,169.7,0.5,2.5,3.8,5.0,11.7,22.0,6.6,0.134,19.3,66.3,99.3,267.2,0.617,278.9,1
23.67403,92.68072,1140.8,29.5,142.5,5.2,9.9,13.8,17.6,29.5,33.4,13.2,0.249,24.3,60.2,119.5,478.1,0.774,509.7,0
11.57395,76.13948,940.9,41.1,5.0,0.9,1.2,2.4,3.2,18.2,37.4,9.9,0.26,20.4,61.5,60.8,245.9,0.932,20.0,0
10.05446,77.00288,1626.4,37.1,347.5,2.1,5.3,7.7,12.6,19.8,45.3,13.6,0.232,18.3,53.2,37.6,219.6,0.64,771.7,0
26.12125,91.8694,136.0,23.2,277.7,9.1,32.0,41.4,68.4,115.8,144.5,54.2,0.575,26.7,82.6,47.0,520.5,0.481,1092.9,0
26.03556,91.81375,208.6,19.3,315.3,37.6,101.6,152.5,221.2,365.8,516.9,184.2,0.98,19.4,81.6,112.0,532.6,0.466,1275.8,1
26.0778,91.8113,189.2,32.8,112.4,0.4,0.8,1.4,1.6,2.2,4.5,1.4,0.191,23.3,63.1,204.2,374.6,0.726,194.3,0
26.10309,91.7929,30.0,16.9,292.7,66.7,122.8,157.8,279.0,450.0,520.3,204.9,0.98,23.3,83.2,93.6,523.6,0.426,1299.8,1
25.27339,91.62709,1104.8,44.5,54.1,2.9,20.2,31.4,45.0,52.9,66.4,27.6,0.353,26.9,73.8,57.4,202.0,0.862,390.3,0
25.31058,91.72128,1519.3,41.6,15.3,6.0,23.1,40.6,65.7,103.5,120.8,47.7,0.566,15.5,92.3,196.9,350.3,0.78,137.0,0
25.56519,91.94608,1403.9,27.2,71.3,8.0,20.4,30.0,43.5,69.0,85.9,32.8,0.534,12.5,90.9,63.2,913.1,0.668,573.7,1
25.60223,91.89365,1558.7,29.3,294.5,0.4,1.0,2.2,2.4,20.0,27.5,8.0,0.179,21.7,53.4,159.2,576.6,0.494,1301.8,0
25.56862,91.95208,1293.7,38.1,17.8,19.5,34.4,66.4,111.8,153.8,179.0,73.5,0.636,19.9,82.2,104.1,467.7,0.788,1884.4,1
25.62163,91.85166,1540.1,20.8,238.0,0.3,1.2,2.0,2.3,15.5,40.7,10.2,0.194,26.3,74.4,48.3,802.4,0.533,700.7,0
23.73682,92.76419,948.5,47.1,6.9,3.7,24.3,49.9,62.4,81.6,99.2,40.5,0.443,17.6,90.1,253.1,434.6,0.888,205.7,0
23.83028,92.65458,941.1,42.5,129.2,0.2,0.4,0.9,1.3,2.2,17.8,4.0,0.213,24.7,60.3,151.2,188.8,0.984,983.4,0
23.72333,92.72828,1006.5,35.6,190.5,13.0,71.2,110.1,172.7,278.6,320.4,126.5,0.827,17.0,97.2,199.2,1067.6,0.655,290.2,1
23.7764,92.72057,1236.9,36.7,75.2,22.7,68.6,84.3,144.4,241.9,281.0,109.3,0.727,23.1,97.2,83.3,205.9,0.641,590.4,1
23.66867,92.70864,1020.2,29.3,267.9,1.0,1.5,4.1,5.3,6.9,10.1,3.8,0.45,18.3,88.4,27.5,488.3,0.696,2556.0,0
11.59168,76.07571,890.4,39.3,229.8,2.2,2.8,7.5,8.6,16.5,30.9,9.6,0.217,27.3,62.9,134.1,201.6,0.68,888.1,0
10.05889,77.06281,1419.3,32.3,337.3,12.5,70.4,114.9,142.3,231.1,287.6,109.1,0.717,16.0,83.3,15.0,502.1,0.658,270.6,1
26.09872,91.82136,101.3,17.0,239.1,0.0,0.1,0.1,0.2,14.8,33.4,8.2,0.171,25.4,55.4,107.5,164.7,0.429,352.6,0
26.06564,91.84565,238.1,19.6,154.4,19.0,47.9,103.1,156.0,267.0,395.8,137.1,0.823,20.5,81.3,14.1,370.5,0.583,915.8,1
26.10835,91.85371,282.2,35.5,339.7,6.7,23.4,30.5,43.9,64.1,86.7,32.5,0.603,18.4,95.2,54.4,393.0,0.715,20.0,1
26.13854,91.7886,80.0,13.4,41.8,3.5,3.9,10.5,12.1,29.0,55.8,16.5,0.308,30.1,59.1,168.6,1710.4,0.48,1099.8,0
25.33823,91.53685,1175.9,31.8,187.8,0.6,2.6,5.6,6.4,26.3,38.9,11.7,0.224,20.5,61.6,92.9,234.2,0.835,1157.8,0
25.24733,91.67835,1567.5,37.7,59.9,9.9,42.0,72.4,101.8,175.5,205.8,79.1,0.591,16.0,80.4,42.7,672.4,0.787,590.2,1
25.5831,91.86111,1641.8,16.0,276.6,30.0,53.6,162.4,207.8,259.6,373.5,142.2,0.877,15.0,88.1,13.2,794.4,0.67,946.3,1
25.61567,91.87427,1445.4,26.9,186.7,0.3,2.1,2.6,3.9,14.1,34.9,9.2,0.237,17.1,58.8,87.6,454.0,0.69,233.2,1
25.67616,91.888,1178.5,36.7,119.8,17.6,42.8,105.6,151.9,259.8,384.2,133.2,0.78,16.0,92.8,58.1,214.4,0.911,322.2,1
25.56877,91.83233,1677.2,26.8,309.0,19.8,43.7,104.8,130.1,202.7,286.0,103.5,0.771,17.4,93.2,54.0,504.3,0.553,2557.3,1
23.75779,92.68787,1230.4,50.0,155.7,1.8,7.3,10.7,14.3,20.8,33.1,11.6,0.173,21.1,53.6,52.7,256.2,1.0,429.1,1
23.75083,92.73217,1000.4,38.6,352.2,8.6,37.4,69.8,112.3,155.0,199.1,77.8,0.601,19.6,96.9,67.3,170.7,0.978,20.0,0
23.72244,92.77676,1090.2,22.6,341.2,7.2,11.0,20.0,28.4,35.7,65.0,22.2,0.287,19.9,68.3,58.5,445.5,0.677,1993.9,0
23.82845,92.7817,1269.0,34.6,164.3,13.7,83.1,103.2,174.0,236.0,293.0,117.0,0.804,17.2,95.4,172.4,259.9,0.877,849.9,1
23.76174,92.7926,940.8,37.6,118.9,4.7,26.5,42.8,51.7,81.5,123.5,43.2,0.595,18.2,92.6,29.6,623.4,0.708,1315.5,1
11.58477,76.13938,962.0,35.2,261.8,9.6,14.2,28.2,43.8,54.1,68.5,27.9,0.543,18.8,87.0,116.7,173.7,0.88,41.7,0
10.06696,77.0365,1384.0,50.2,252.9,2.1,6.5,13.0,17.2,36.6,64.2,20.0,0.249,25.1,72.6,36.2,476.1,0.771,214.8,0
26.08817,91.74219,172.3,20.0,44.4,10.0,41.6,74.4,93.8,130.1,187.6,69.3,0.679,18.7,92.6,56.2,284.1,0.371,884.3,1
26.04238,91.82597,90.8,22.5,74.7,25.3,52.4,123.4,150.4,208.7,265.7,104.1,0.785,23.9,92.8,100.5,544.2,0.499,1079.5,1
26.03279,91.86362,153.9,37.4,257.2,1.1,2.4,2.8,5.0,6.1,8.6,3.3,0.368,20.5,92.1,98.2,296.0,0.913,402.9,0
26.09109,91.79973,164.6,26.8,324.2,5.2,19.6,33.8,52.4,88.9,102.3,39.8,0.548,24.9,91.9,118.8,541.7,0.496,1674.2,0
25.30611,91.6233,1164.2,38.1,63.6,31.2,65.8,89.2,147.3,241.7,342.3,122.1,0.857,20.1,90.2,73.9,238.4,0.827,444.8,1
25.29601,91.70693,1385.8,34.1,253.6,14.1,54.3,103.1,130.5,196.8,311.4,108.1,0.719,19.4,95.1,217.1,543.3,0.679,1626.8,1
25.55745,91.89085,1457.2,23.1,258.6,0.5,1.4,2.7,3.8,5.5,25.6,6.4,0.213,24.2,57.6,39.3,629.0,0.746,1866.8,1
25.53171,91.90112,1526.5,32.3,48.4,33.9,125.2,213.5,261.4,366.4,448.5,178.6,0.962,19.1,97.6,32.0,505.4,0.71,400.1,1
25.59602,91.85498,1217.3,34.7,144.3,16.3,21.8,60.2,77.4,126.1,158.7,59.8,0.563,16.9,86.5,49.0,249.2,0.779,2248.7,0
25.63628,91.87512,1568.6,32.4,91.7,0.4,1.2,2.0,2.5,16.9,31.2,8.4,0.188,20.7,55.0,120.8,440.2,0.485,513.9,0
23.75188,92.70235,1319.1,35.2,197.5,4.6,8.2,12.7,17.0,26.2,48.4,15.7,0.198,21.8,49.3,53.3,230.5,1.0,20.0,0
23.72767,92.68868,1152.6,47.5,164.5,6.9,29.4,63.6,79.4,122.8,188.0,65.8,0.607,16.3,85.8,44.6,398.8,0.897,800.6,0
23.77484,92.69628,1073.8,39.2,226.6,5.4,11.1,15.2,22.3,37.3,49.7,18.1,0.466,17.4,87.3,235.1,354.9,0.738,1375.2,0
23.81123,92.78055,1133.4,40.3,184.3,2.8,7.4,9.9,13.5,32.5,49.1,15.8,0.28,20.4,56.3,82.3,362.2,0.73,1504.4,0
23.72566,92.6818,1060.2,30.6,196.4,21.6,39.3,78.4,115.2,200.2,315.8,106.2,0.647,22.1,94.8,27.1,406.3,0.549,2796.4,1
11.58553,76.19013,887.5,34.2,77.0,0.4,1.9,2.4,3.9,23.3,42.3,11.6,0.256,20.5,60.4,66.7,151.3,0.874,621.7,0
10.10463,77.11062,1506.1,40.6,353.8,48.3,83.1,220.0,320.0,450.0,600.0,229.0,0.98,17.1,82.2,26.1,245.6,0.77,258.3,1
26.12158,91.76837,30.0,18.6,205.8,1.8,10.4,21.1,26.5,32.8,46.4,17.9,0.278,25.7,73.1,230.9,784.0,0.625,1639.6,0
26.10093,91.83941,162.5,22.6,57.3,7.1,56.2,73.2,118.0,143.3,190.4,76.0,0.631,21.3,80.8,26.8,520.5,0.509,156.1,1
26.02129,91.85048,146.5,30.1,118.7,0.2,0.4,0.6,0.8,7.0,31.7,7.2,0.141,24.9,46.3,239.2,335.2,0.737,1790.4,0
26.10474,91.80848,30.0,16.1,258.9,28.8,62.3,109.0,131.1,202.7,286.2,103.7,0.709,24.2,80.9,170.9,444.1,0.272,2833.9,0
25.29142,91.60192,1008.2,32.5,56.5,31.8,53.2,87.6,133.5,193.4,251.4,96.3,0.62,20.0,90.1,74.7,100.1,0.798,1065.0,1
25.2798,91.69932,1472.6,31.5,128.0,1.3,3.4,7.5,9.6,27.3,46.7,14.0,0.216,25.2,66.5,211.2,332.5,0.839,1499.5,0
25.60168,91.93106,1536.1,31.0,297.0,7.1,32.9,47.1,73.8,124.9,144.4,56.1,0.534,21.1,80.4,31.5,609.5,0.489,22.5,1
25.51624,91.9265,1393.1,33.0,88.3,2.0,4.9,10.9,19.1,33.9,44.2,16.1,0.432,18.8,82.7,101.6,420.4,0.673,642.0,0
25.61686,91.97532,1160.7,48.5,343.6,4.2,10.2,32.6,38.4,56.0,81.0,29.5,0.377,15.8,85.7,57.7,192.8,0.729,659.2,1
25.52666,91.94513,1435.3,20.1,254.0,28.8,43.7,86.6,134.7,230.0,315.6,113.1,0.716,20.0,87.2,49.6,782.2,0.647,430.3,1
23.73194,92.71615,1094.2,44.4,283.7,8.7,22.3,50.7,68.8,115.7,136.7,52.7,0.519,17.4,89.5,41.8,274.9,0.958,356.9,0
23.78101,92.71531,959.6,47.1,231.6,0.2,0.7,1.2,1.7,6.7,20.0,5.0,0.13,25.9,47.4,108.6,242.2,0.762,1538.7,0
23.83149,92.74071,1014.5,43.9,188.0,14.2,22.1,53.6,75.6,118.3,146.0,56.1,0.521,18.5,82.1,54.6,397.2,0.778,20.0,1
23.78202,92.71145,1215.3,45.6,201.3,2.1,6.1,8.9,11.6,19.3,32.4,10.7,0.228,25.6,56.3,30.9,282.6,0.729,70.6,0
23.71783,92.74532,1174.6,44.6,197.0,3.4,5.2,12.1,17.1,21.7,31.8,11.9,0.197,20.2,45.7,70.9,626.7,0.664,24.5,0
11.51949,76.11673,906.0,42.0,195.3,4.2,5.5,13.9,17.0,35.9,57.0,18.4,0.234,26.7,54.6,125.2,191.7,0.941,230.8,1
10.07872,77.03121,1448.8,55.1,333.9,20.4,42.4,113.4,155.4,246.3,373.7,130.4,0.83,12.7,86.3,70.6,624.0,0.778,908.0,1
26.07864,91.78396,76.4,30.0,270.4,1.0,3.1,5.0,6.9,10.0,14.0,5.2,0.433,20.1,93.2,45.9,167.3,0.38,777.3,0
26.14351,91.79508,230.1,24.9,152.4,44.2,132.4,220.0,320.0,449.5,600.0,228.9,0.98,16.1,86.0,278.1,571.7,0.422,23.4,0
26.03139,91.89461,145.8,30.2,224.7,8.2,44.0,80.2,131.0,202.8,294.9,105.5,0.657,24.8,89.0,96.7,299.1,0.78,285.8,1
26.09598,91.81444,36.7,21.0,327.6,6.4,17.9,24.8,43.3,75.9,111.8,38.6,0.545,22.8,91.9,99.3,570.6,0.506,3790.0,0
25.25235,91.54908,1230.6,37.7,159.8,0.3,0.5,1.3,1.6,2.8,5.4,1.7,0.178,25.4,51.0,96.8,194.9,0.967,778.0,0
25.26352,91.70067,1509.3,36.1,166.3,0.2,0.7,1.3,1.8,16.7,34.7,9.0,0.178,27.4,67.0,208.7,190.4,0.939,937.6,0
25.59435,91.91124,1456.5,28.7,356.2,51.7,82.4,135.5,239.8,357.2,557.7,195.2,0.972,20.2,81.2,93.1,819.8,0.533,124.7,1
25.62522,91.87324,1573.4,28.7,115.0,4.3,27.7,32.7,53.8,81.5,112.5,41.4,0.609,12.7,95.7,67.0,500.7,0.729,731.5,1
25.6708,92.0045,1375.6,46.7,78.6,5.0,28.2,44.3,76.6,117.9,154.8,58.1,0.612,14.1,86.5,22.6,370.6,0.759,144.1,1
25.62856,91.91956,1507.4,25.3,57.9,12.5,46.9,62.0,111.0,158.7,200.1,78.1,0.596,17.4,89.3,79.4,478.9,0.553,1412.6,1
23.74179,92.748,1194.8,43.1,6.7,0.6,1.4,3.1,4.1,19.0,27.2,8.1,0.201,20.3,70.5,262.8,438.6,1.0,318.7,0
23.83869,92.71573,990.7,41.1,280.7,15.0,29.7,52.9,72.5,87.6,121.4,47.5,0.509,23.2,83.0,32.1,361.6,0.965,103.4,1
23.76528,92.68324,979.4,34.3,330.7,0.5,0.7,1.3,1.7,1.9,31.8,6.9,0.155,25.1,65.5,49.8,314.1,0.853,59.2,0
23.73616,92.81582,1163.7,42.8,228.9,0.5,0.7,1.5,2.3,12.5,33.7,8.4,0.122,23.4,45.5,107.1,441.2,0.8,497.1,0
23.76031,92.66555,1107.7,29.9,358.4,0.8,4.0,8.5,11.1,18.6,29.4,10.0,0.453,19.4,97.1,89.5,453.1,0.6,60.6,0
11.56847,76.12366,898.1,42.2,141.6,30.6,44.2,133.0,174.3,272.2,400.7,142.2,0.773,20.2,93.1,126.9,128.7,0.819,158.1,1
10.10782,77.02277,1437.2,27.4,108.1,1.4,4.1,5.6,7.1,26.3,29.4,9.9,0.186,24.0,69.3,166.8,257.5,0.946,59.8,0
26.0648,91.81142,47.3,9.6,145.4,14.3,44.1,68.2,110.0,162.4,237.0,85.6,0.646,20.4,84.6,79.6,185.7,0.446,92.9,1
26.05105,91.8338,128.3,13.1,275.3,3.4,7.4,18.5,22.6,37.5,51.4,18.6,0.459,22.9,85.9,18.0,467.7,0.374,1328.7,0
26.1039,91.85633,246.2,16.4,284.8,26.0,48.7,67.6,118.6,160.8,218.4,83.5,0.715,21.6,82.2,32.9,616.6,0.677,6628.0,1
26.14829,91.79742,127.5,15.5,148.2,17.1,29.5,52.6,69.0,104.6,156.5,55.5,0.611,24.6,98.0,109.3,583.7,0.359,798.2,0
25.33979,91.57988,1111.9,37.6,323.7,6.3,26.6,47.3,59.4,99.5,149.4,51.7,0.548,12.1,90.0,53.4,184.8,0.901,244.4,1
25.31689,91.77038,1489.1,35.6,253.6,0.0,0.3,0.4,0.6,7.7,12.1,3.3,0.206,19.1,52.9,77.7,134.7,0.943,258.2,0
25.60382,91.92545,1473.9,22.0,94.7,22.5,46.6,78.8,122.1,176.7,275.6,97.2,0.696,15.8,90.9,21.9,883.7,0.546,44.9,1
25.54319,91.89999,1561.0,35.6,3.2,13.8,72.0,80.6,138.2,235.8,280.5,107.3,0.802,13.1,82.4,66.0,354.3,0.755,1715.0,1
25.58981,91.94572,1256.7,40.3,328.2,25.1,82.1,133.4,175.4,242.0,307.9,120.8,0.869,14.5,97.5,41.8,574.6,0.78,1629.4,1
25.63097,91.8487,1403.3,25.4,39.8,9.4,63.2,73.9,115.3,185.4,232.5,88.1,0.58,19.7,97.3,80.4,541.6,0.66,371.3,1
23.68537,92.73876,1042.1,35.0,195.0,2.1,7.2,9.7,12.5,15.2,31.7,10.4,0.23,24.2,74.0,53.8,305.6,0.898,329.2,0
23.78757,92.75389,859.0,53.1,28.0,23.9,49.5,116.7,145.4,205.0,256.9,101.0,0.708,19.4,94.4,101.2,370.8,0.992,374.0,1
23.74292,92.76566,1114.7,33.2,128.4,0.5,1.0,1.5,2.1,19.4,23.5,7.1,0.202,23.6,65.9,64.5,599.8,0.823,244.2,0
23.81544,92.70939,1207.5,60.4,299.4,0.3,0.6,1.5,1.8,18.5,44.0,11.0,0.174,27.5,57.1,55.2,190.3,0.744,1890.8,0
23.7402,92.72327,996.0,43.7,217.3,9.8,21.7,25.7,42.8,74.8,109.5,37.9,0.473,16.2,92.9,124.0,525.5,0.737,316.9,0
11.53969,76.07146,820.9,46.2,299.3,37.9,76.2,220.0,301.3,450.0,600.0,225.3,0.98,20.8,95.3,59.8,397.5,0.776,2990.7,1
10.12229,77.10016,1406.1,43.5,66.2,28.6,72.3,124.2,154.5,222.5,294.9,112.1,0.708,21.2,91.5,43.7,273.8,0.846,913.5,1
26.04892,91.73677,30.0,16.7,152.9,4.6,26.7,51.1,78.6,98.7,141.0,53.8,0.658,18.2,80.1,366.6,148.0,0.552,173.4,1
26.09281,91.81398,149.9,18.2,151.5,0.6,2.2,3.9,5.0,8.2,9.9,3.8,0.365,20.6,83.8,86.2,385.7,0.548,656.5,0
26.02327,91.84555,114.1,20.2,137.4,0.4,0.9,1.5,1.8,18.8,23.6,7.0,0.199,22.6,67.7,40.4,391.9,0.808,700.8,0
26.13095,91.77532,114.8,17.8,195.0,3.7,7.0,18.6,22.4,38.6,40.1,16.4,0.211,28.0,56.3,111.2,659.9,0.34,135.4,0
25.2687,91.59415,1171.9,33.9,17.5,35.3,67.6,105.4,159.6,198.2,280.7,107.9,0.816,16.8,94.4,87.8,109.3,0.846,159.8,1
25.30539,91.72231,1503.5,38.0,68.6,25.5,36.2,99.7,119.5,155.3,180.4,75.5,0.673,14.7,93.7,156.8,150.5,0.896,54.6,1
25.54333,91.85307,1413.7,26.3,228.8,15.8,64.4,87.8,154.2,238.8,316.5,118.0,0.771,15.8,96.2,82.6,900.4,0.625,369.2,1
25.55893,91.88245,1520.2,31.2,295.4,28.8,54.7,94.2,119.1,173.1,206.5,82.4,0.73,16.2,97.2,75.1,591.4,0.65,636.4,1
25.62046,91.88129,1259.5,41.8,181.6,15.5,33.8,64.0,110.8,151.4,223.1,81.9,0.753,13.0,81.5,18.5,191.7,0.706,2539.0,1
25.63238,91.85775,1605.9,11.5,315.4,5.3,29.3,52.7,69.1,110.9,147.2,54.4,0.545,16.6,96.0,85.6,442.7,0.459,104.8,0
23.71515,92.76879,1124.9,45.6,63.9,11.2,38.8,57.1,81.3,112.1,139.2,55.3,0.579,18.0,87.6,23.7,534.3,1.0,185.9,1
23.8039,92.74502,953.4,51.8,340.8,1.0,2.4,3.3,5.0,6.5,8.9,3.4,0.388,16.0,84.7,15.2,384.9,0.781,655.9,0
23.76722,92.74008,1039.8,47.4,279.6,1.8,4.4,7.7,10.6,27.6,57.0,16.3,0.22,20.7,60.6,59.7,586.2,0.559,534.9,0
23.80506,92.70909,1262.0,40.5,246.3,24.1,66.5,109.1,133.6,206.8,266.9,100.8,0.691,16.7,89.7,32.5,637.1,0.67,1771.4,1
23.76758,92.72262,889.6,37.4,146.2,12.5,50.3,119.6,172.0,256.1,400.5,140.1,0.934,20.4,85.7,100.7,576.1,0.648,2203.1,1
11.56202,76.09055,903.8,36.3,69.2,0.3,0.3,0.6,1.0,2.8,5.9,1.7,0.197,28.9,68.7,130.0,157.8,0.9,488.9,0
10.03916,77.03691,1464.4,30.7,94.3,3.9,11.8,14.5,22.1,33.1,52.2,18.2,0.213,21.0,67.0,158.1,361.3,0.86,518.5,0
26.11611,91.80352,30.0,15.8,210.1,11.7,47.6,93.6,110.4,168.8,243.3,87.6,0.672,21.4,83.0,71.6,197.3,0.506,1025.7,1
26.07525,91.80352,101.1,22.9,114.0,20.6,60.3,122.7,202.3,330.7,460.2,165.6,0.907,23.2,82.6,22.8,490.7,0.542,996.8,1
26.0744,91.88805,164.3,29.4,286.2,10.1,65.4,89.9,128.6,156.1,247.8,90.9,0.741,21.2,97.2,27.2,451.0,0.782,145.0,1
26.08522,91.82505,30.0,25.4,70.0,0.5,1.2,2.5,3.1,5.1,19.5,5.0,0.221,24.9,47.2,201.6,427.5,0.404,5286.5,1
25.26359,91.50294,1018.7,34.0,322.2,16.4,42.1,74.3,96.9,155.9,240.4,83.1,0.582,17.5,96.7,116.9,105.4,0.925,865.6,1
25.29187,91.71502,1573.7,39.4,138.6,37.5,59.2,88.6,153.0,253.9,335.4,123.1,0.779,13.3,96.7,45.0,393.3,0.765,1308.1,0
25.56365,91.86221,1592.5,21.9,3.8,17.9,41.8,66.4,79.5,108.5,169.3,60.6,0.578,15.0,91.0,14.1,734.8,0.638,1075.3,0
25.57614,91.86634,1502.5,29.2,67.3,1.5,2.5,5.2,6.5,10.0,26.3,7.6,0.206,22.3,46.5,379.1,345.6,0.671,271.2,0
25.70265,91.93997,1272.0,35.5,37.3,1.1,2.8,4.7,6.7,17.2,35.3,10.1,0.245,24.6,54.5,77.1,243.5,0.794,939.9,0
25.62044,91.85594,1435.9,27.4,349.3,6.4,25.0,41.9,53.5,80.3,120.6,42.8,0.543,12.2,92.4,49.7,458.0,0.654,540.7,0
23.78968,92.76632,1079.4,41.7,142.3,2.1,10.2,14.3,22.5,28.1,48.7,17.0,0.3,23.1,72.0,296.9,256.6,0.903,826.9,0
23.76388,92.68093,1039.8,44.8,36.0,2.6,10.5,15.9,25.7,32.9,51.0,18.6,0.429,18.1,84.1,39.7,370.2,0.898,314.7,0
23.74025,92.75585,1108.3,32.2,199.8,17.0,49.8,92.4,149.6,180.1,207.2,89.4,0.704,14.2,83.0,114.3,412.9,0.756,1727.1,1
23.75802,92.74835,1325.3,48.7,274.8,13.5,47.8,61.3,106.5,168.9,240.2,86.2,0.695,16.3,95.7,33.9,191.9,0.712,412.2,1
23.80372,92.71118,1102.2,39.5,71.8,2.6,18.1,23.7,38.5,56.6,89.9,31.3,0.52,19.2,95.5,102.3,594.3,0.676,343.7,0
11.5741,76.07057,872.2,34.9,204.3,9.0,16.3,38.8,56.9,96.0,124.0,45.8,0.526,12.0,95.5,120.3,105.8,0.892,847.2,0
10.09479,77.05482,1495.1,51.7,320.6,8.9,65.6,106.3,127.5,206.4,238.3,93.8,0.736,17.2,97.7,158.3,298.5,0.825,757.3,1
26.13143,91.74035,176.4,23.2,297.6,11.8,30.9,46.0,70.4,102.6,143.8,53.1,0.6,23.0,82.1,67.5,124.1,0.545,1139.1,0
25.98889,91.88238,175.5,27.0,163.0,0.0,0.0,0.0,0.0,15.7,17.2,5.0,0.162,27.4,73.5,52.8,875.7,0.461,1054.0,0
26.02806,91.91247,84.2,36.6,140.6,0.9,2.4,2.9,5.0,8.9,13.6,4.6,0.486,19.9,93.7,166.9,311.3,0.772,1153.8,0
26.09167,91.83339,68.7,24.0,41.3,0.3,2.0,3.2,4.2,13.7,39.5,10.1,0.228,19.2,69.4,187.8,485.5,0.463,260.1,0
25.25753,91.60001,1210.4,34.4,335.6,26.1,45.8,93.4,122.1,213.6,334.2,112.6,0.752,21.5,89.6,41.2,104.8,0.801,572.9,1
25.26818,91.71097,1380.3,35.4,18.8,12.7,50.2,120.6,178.6,217.9,275.6,112.6,0.798,17.3,80.2,120.1,400.3,0.735,881.1,1
25.57601,91.9761,1423.0,24.1,114.4,27.4,74.7,193.0,268.8,326.9,518.1,190.1,0.98,14.6,94.6,38.2,757.2,0.559,4452.1,1
25.58388,91.9285,1528.9,29.0,308.0,1.9,2.7,4.3,6.4,16.7,36.2,10.2,0.164,27.8,57.5,79.5,777.4,0.534,655.2,0
25.61388,91.97161,1257.9,33.0,30.7,1.3,2.2,3.4,4.9,19.3,38.0,10.5,0.218,25.3,50.0,96.8,264.5,0.865,277.4,0
25.59951,91.84877,1706.9,23.2,146.7,14.1,40.6,89.7,111.6,140.8,204.1,77.2,0.625,16.3,95.6,45.4,493.1,0.566,331.4,1
23.72668,92.73897,1157.2,42.5,275.8,7.1,19.3,29.3,47.2,75.8,96.3,36.3,0.439,14.8,92.1,25.6,254.5,0.935,134.9,0
23.76494,92.74009,927.2,52.0,345.2,34.5,57.3,117.2,181.8,221.4,315.7,121.6,0.853,22.6,80.2,146.2,351.3,0.959,86.0,1
23.7526,92.81926,1124.8,35.8,62.0,1.9,4.2,7.3,9.5,21.5,50.5,14.2,0.184,20.3,46.7,107.9,419.5,0.677,152.0,0
23.75086,92.73926,1256.1,43.0,264.1,21.3,88.4,154.9,216.2,317.9,391.2,153.3,0.94,16.0,80.2,214.1,353.8,0.676,904.7,1
23.77053,92.68362,989.3,42.3,308.9,0.0,0.0,0.0,0.1,10.0,17.6,4.5,0.142,25.5,70.6,40.6,458.6,0.761,56.6,0
11.60769,76.1614,909.9,40.1,327.9,8.3,17.3,23.5,31.7,36.0,63.3,22.6,0.329,20.1,55.2,127.7,187.5,0.959,48.2,1
10.06023,77.10059,1453.6,51.5,270.4,9.3,13.8,30.9,46.7,80.5,126.7,42.7,0.476,16.9,84.6,33.2,251.0,1.0,71.3,0
26.08013,91.83978,60.3,29.5,86.4,19.2,38.4,70.4,86.2,150.6,184.6,69.2,0.634,18.9,95.1,150.6,153.2,0.542,2610.3,0
26.07321,91.85906,126.9,29.8,227.8,0.7,1.4,2.5,2.9,10.0,19.9,5.6,0.141,22.0,65.7,33.3,709.6,0.539,74.9,0
26.05138,91.93047,141.4,27.0,327.8,35.3,101.8,157.6,198.9,316.5,483.8,168.2,0.834,23.8,90.6,92.9,307.7,0.639,263.6,1
26.11757,91.78271,54.3,27.9,329.7,22.1,48.3,74.1,130.1,230.1,299.6,108.9,0.663,21.3,95.6,87.6,403.0,0.25,2715.1,0
25.33693,91.59137,1115.0,30.8,257.1,10.6,24.9,31.4,48.2,62.5,99.5,35.8,0.496,14.9,93.3,39.8,215.1,1.0,1204.8,1
25.29014,91.79774,1548.2,32.6,154.8,44.6,79.9,135.7,239.5,383.1,524.2,191.1,0.98,17.3,95.6,59.8,123.9,0.862,228.4,1
25.62821,91.947,1613.4,23.1,285.4,5.6,36.4,58.6,75.3,101.4,156.0,56.4,0.65,15.1,80.3,50.6,703.5,0.803,62.5,1
25.62034,91.9892,1519.4,34.4,35.6,25.6,64.3,86.7,123.2,187.2,249.3,93.2,0.746,17.5,81.9,275.9,834.8,0.645,389.0,1
25.66679,91.91345,1300.8,35.8,74.6,8.0,66.9,70.2,123.6,211.8,316.8,109.2,0.748,17.3,80.1,26.3,292.1,0.797,409.6,1
25.58132,91.92086,1490.4,27.2,119.8,5.0,37.0,55.3,93.9,123.1,168.1,64.7,0.634,18.4,89.9,173.1,590.4,0.519,2566.8,1
23.70253,92.7142,1084.1,34.1,188.8,4.7,12.4,28.0,42.8,74.4,90.0,34.0,0.526,18.2,80.6,43.0,355.8,0.775,268.5,0
23.7667,92.73466,1023.6,57.8,239.2,0.3,2.1,3.5,5.0,8.1,11.6,4.1,0.408,20.9,80.2,89.7,318.7,1.0,213.2,1
23.76276,92.69843,1043.1,43.6,171.8,26.0,39.9,81.4,111.9,199.1,233.9,89.1,0.527,18.6,85.2,91.8,493.3,0.654,56.9,0
23.75285,92.68395,1203.2,47.0,61.4,50.0,68.3,157.8,232.0,408.2,562.0,199.6,0.98,19.4,83.7,34.7,393.2,0.675,1367.6,1
23.66053,92.73531,967.7,43.2,206.3,9.2,23.6,39.2,68.1,93.9,143.5,51.7,0.562,20.5,85.3,31.4,534.4,0.809,441.9,1
11.55919,76.12497,818.0,28.6,313.6,8.4,58.8,90.4,133.1,192.5,273.0,100.5,0.724,19.4,82.3,56.6,260.0,1.0,736.0,1
10.10464,77.00676,1409.2,34.8,166.0,18.4,91.2,124.3,199.4,352.1,463.1,167.7,0.931,14.3,94.5,193.8,442.6,0.924,1105.9,1
26.09392,91.81561,137.7,21.7,72.7,0.8,3.2,4.8,6.2,7.7,9.4,3.9,0.403,20.1,87.8,101.1,406.0,0.446,581.4,0
26.04892,91.81287,115.2,20.0,140.7,0.3,1.6,3.4,3.9,12.0,37.0,9.4,0.147,21.4,68.2,28.8,389.6,0.433,57.5,0
26.00198,91.82205,30.0,27.5,205.9,4.1,19.1,40.3,61.9,103.8,127.9,48.3,0.528,21.4,90.0,90.6,580.9,0.704,109.9,1
26.13476,91.78028,30.0,21.1,289.3,17.4,73.3,131.3,171.6,244.2,336.3,126.0,0.826,21.4,89.8,94.3,582.0,0.417,22.0,1
25.32657,91.62932,1197.4,38.9,190.8,0.2,1.4,2.6,3.9,10.6,38.9,9.6,0.206,17.5,71.4,75.1,190.6,0.882,299.1,0
25.23316,91.73248,1411.2,39.1,235.5,0.1,0.6,1.0,1.5,3.7,24.1,5.5,0.209,23.2,70.9,114.4,129.1,0.761,593.7,0
25.52656,91.85878,1512.3,29.1,48.2,18.5,60.8,80.8,134.9,198.1,229.0,92.6,0.785,16.8,90.7,58.5,576.6,0.578,428.8,1
25.56656,91.92632,1412.3,43.1,63.0,25.7,53.1,86.0,137.8,177.9,241.3,93.6,0.752,17.0,90.2,281.0,472.1,0.662,456.6,1
25.65181,91.97236,1366.9,37.3,298.8,1.4,3.4,5.8,7.0,23.4,24.2,8.6,0.237,23.6,66.0,108.1,196.3,0.904,1624.6,0
25.59372,91.92113,1580.1,26.8,6.7,3.4,7.9,10.8,14.8,34.7,57.8,18.0,0.285,22.8,72.2,169.8,534.4,0.56,680.7,0
23.74789,92.6717,1186.9,32.9,332.1,3.0,25.0,31.3,48.6,77.0,109.7,39.4,0.56,24.3,83.3,44.3,331.4,0.924,133.7,1
23.81914,92.6799,1009.5,55.5,74.7,4.3,10.1,19.5,23.8,37.0,51.0,18.7,0.42,17.4,84.4,132.4,237.6,0.942,303.0,0
23.7986,92.75585,1104.2,37.7,235.3,1.5,3.1,4.3,6.5,10.4,23.5,7.0,0.228,14.0,73.7,30.5,371.8,0.744,498.8,0
23.78061,92.74967,1213.6,50.6,86.5,6.1,15.6,22.2,31.0,50.7,65.2,24.3,0.456,16.0,96.3,29.3,236.9,0.849,436.6,0
23.69041,92.73573,956.1,33.9,174.2,17.8,41.9,57.1,76.4,130.9,188.7,66.1,0.582,21.4,90.9,174.2,765.3,0.659,3654.6,0
11.57676,76.11163,947.4,45.6,316.5,1.5,3.2,5.6,6.4,11.7,15.2,5.5,0.142,16.3,74.2,35.6,496.3,0.842,1976.0,1
10.0863,77.09418,1455.6,41.3,343.9,29.6,49.2,151.4,188.8,231.7,360.9,133.1,0.809,17.5,88.1,435.6,264.6,0.774,624.3,1
26.07479,91.79696,30.0,19.9,205.9,2.1,4.2,5.3,7.7,20.3,20.5,7.7,0.211,21.7,73.1,86.6,279.2,0.405,1563.4,0
26.02842,91.86531,261.2,25.0,215.1,6.1,30.0,36.7,59.4,98.6,140.6,49.9,0.561,23.6,90.0,139.2,474.0,0.61,1595.0,0
26.04926,91.86473,283.0,28.9,21.5,5.8,24.7,37.0,63.6,97.0,115.7,45.6,0.523,18.5,89.8,26.1,356.8,0.782,294.9,0
26.12441,91.78627,111.8,22.2,277.4,18.9,23.0,42.1,76.5,119.1,188.0,64.8,0.557,22.2,89.7,252.2,401.0,0.432,2527.9,0
25.28195,91.64875,1196.5,41.4,330.3,4.7,18.9,24.5,42.9,59.1,73.6,29.2,0.54,13.8,93.0,114.0,325.9,1.0,1100.5,0
25.20502,91.71235,1501.0,54.7,112.7,1.4,2.2,4.3,7.3,10.0,13.1,5.1,0.364,13.3,82.5,44.5,150.3,0.715,1153.2,0
25.5368,91.95402,1517.1,40.4,13.4,30.8,66.4,89.0,131.8,230.4,275.2,104.4,0.727,18.3,93.6,38.0,739.6,0.615,293.2,1
25.53172,91.92483,1401.9,33.9,223.4,7.5,20.7,22.5,40.3,69.4,101.6,35.3,0.518,16.8,92.0,221.5,408.6,0.645,184.0,1
25.66534,91.95107,1456.5,35.0,332.1,49.5,60.9,128.2,228.4,288.0,357.5,146.0,0.98,15.6,94.4,12.4,547.8,0.776,1401.7,1
25.67481,91.91763,1444.7,17.8,191.3,15.8,150.0,163.9,287.0,426.4,600.0,220.0,0.98,17.1,84.1,104.1,423.8,0.405,2005.4,1
23.71671,92.69995,1043.0,52.1,219.5,0.2,0.4,0.5,0.7,12.8,30.6,7.5,0.198,22.7,73.0,108.1,224.3,0.988,44.6,0
23.73316,92.71539,1015.5,51.7,271.1,2.0,7.0,11.1,19.4,27.4,43.7,15.4,0.531,16.1,82.2,214.6,413.8,0.774,388.7,0
23.71361,92.71886,1244.6,43.8,13.5,15.0,45.8,87.3,129.4,184.7,259.4,96.2,0.637,18.7,84.0,26.1,315.7,0.765,271.6,1
23.77935,92.73995,1259.4,52.7,65.1,0.9,4.4,5.9,7.5,17.2,34.6,10.1,0.179,23.2,70.9,271.5,305.6,0.816,307.6,0
23.73266,92.6857,1039.7,47.2,40.2,2.1,2.9,6.3,8.3,23.6,53.3,14.7,0.288,24.5,50.1,42.7,407.5,0.611,1645.9,1
11.5372,76.10632,914.2,44.5,150.6,19.5,51.0,67.8,121.8,209.5,243.6,94.0,0.666,19.6,85.1,47.1,112.2,0.862,343.5,1
10.07099,77.0961,1478.4,26.0,6.2,8.5,23.7,37.5,67.9,120.4,146.0,54.8,0.618,15.4,88.8,227.3,225.9,0.788,392.7,1
26.10971,91.83557,226.0,17.8,326.7,9.1,19.2,32.7,46.9,83.6,127.0,43.1,0.47,22.8,94.8,155.8,844.7,0.483,3983.2,0
26.03575,91.89436,111.3,24.6,92.1,15.4,58.6,75.0,120.1,164.5,258.4,92.2,0.68,15.4,91.3,27.1,361.0,0.465,489.4,1
26.12158,91.92373,209.4,21.9,275.2,1.5,5.7,9.3,14.4,21.6,28.2,10.7,0.479,22.0,91.5,81.8,406.3,0.862,32.3,0
26.10444,91.81905,110.9,22.7,149.9,0.9,4.5,6.8,9.9,21.1,43.2,12.7,0.188,25.7,63.5,88.0,858.7,0.333,1018.4,0
